hromada_code,hromada_name,n_agreements,n_agreements_active,n_agreements_hromadas,n_agreements_hromadas_active
UA05020010000053508,Агрономічна,3,3,2,2
UA05020030000031457,Вінницька,0,0,0,0
UA05020050000066991,Вороновицька,0,0,0,0
UA05020070000010139,Гніванська,3,1,2,1
UA05020090000067118,Іллінецька,0,0,0,0
UA05020110000052014,Липовецька,2,0,0,0
UA05020130000056031,Літинська,3,0,0,0
UA05020150000074651,Лука-Мелешківська,4,4,2,2
UA05020170000049432,Немирівська,14,12,3,3
UA05020190000015755,Оратівська,0,0,0,0
UA05020210000033427,Погребищенська,0,0,0,0
UA05020230000029909,Стрижавська,0,0,0,0
UA05020250000055470,Сутисківська,0,0,0,0
UA05020270000044358,Тиврівська,7,7,1,1
UA05020290000092626,Турбівська,2,1,0,0
UA05020310000080026,Якушинецька,1,1,1,1
UA05040010000022470,Бершадська,3,1,5,1
UA05040030000050131,Гайсинська,5,5,2,2
UA05040050000080930,Дашівська,0,0,0,0
UA05040070000093188,Джулинська,3,0,1,0
UA05040090000093950,Краснопільська,3,2,3,1
UA05040110000042036,Кунківська,3,3,1,1
UA05040130000025322,Ладижинська,0,0,0,0
UA05040150000077146,Ободівська,4,1,3,2
UA05040170000093514,Ольгопільська,2,1,4,3
UA05040190000039450,Райгородська,6,1,2,1
UA05040210000068217,Соболівська,2,1,2,0
UA05040230000017028,Теплицька,6,4,2,0
UA05040250000027965,Тростянецька,3,1,3,2
UA05040270000051651,Чечельницька,5,1,4,2
UA05060010000053179,Барська,3,0,1,0
UA05060030000026125,Джуринська,2,0,2,0
UA05060050000058111,Жмеринська,2,0,2,0
UA05060070000012952,Копайгородська,0,0,0,0
UA05060090000058521,Мурафська,2,0,2,0
UA05060110000027268,Северинівська,4,0,1,0
UA05060130000030729,Станіславчицька,0,0,0,0
UA05060150000094411,Шаргородська,3,0,3,0
UA05080010000038400,Бабчинецька,6,2,3,1
UA05080030000089348,Вендичанська,8,8,1,1
UA05080050000023603,Могилів-Подільська,28,28,3,3
UA05080070000010150,Мурованокуриловецька,2,0,0,0
UA05080090000089922,Чернівецька,1,0,2,0
UA05080110000056824,Ямпільська,4,1,5,3
UA05080130000024964,Яришівська,8,8,1,1
UA05100010000023453,Брацлавська,6,4,4,1
UA05100030000051497,Вапнярська,1,0,2,0
UA05100050000038768,Городківська,2,0,1,0
UA05100070000035159,Крижопільська,5,1,5,3
UA05100090000029847,Піщанська,2,1,4,3
UA05100110000070795,Студенянська,1,0,2,0
UA05100130000061386,Томашпільська,3,0,0,0
UA05100150000050790,Тульчинська,2,0,2,0
UA05100170000071290,Шпиківська,2,2,1,1
UA05120010000076685,Глуховецька,3,0,0,0
UA05120030000061384,Жданівська,0,0,0,0
UA05120050000063063,Іванівська,0,0,0,0
UA05120070000075759,Калинівська,1,0,0,0
UA05120090000060589,Козятинська,0,0,0,0
UA05120110000018679,Махнівська,0,0,0,0
UA05120130000014261,Самгородоцька,0,0,0,0
UA05120150000069474,Уланівська,2,0,1,0
UA05120170000013778,Хмільницька,4,0,1,0
UA07020010000096841,Володимир-Волинська,9,2,4,3
UA07020030000052032,Затурцівська,1,0,4,0
UA07020050000082369,Зимнівська,10,3,5,4
UA07020070000082628,Іваничівська,0,0,0,0
UA07020090000019505,Литовезька,0,0,0,0
UA07020110000037373,Локачинська,0,0,0,0
UA07020130000036300,Нововолинська,0,0,0,0
UA07020150000092012,Оваднівська,9,2,4,3
UA07020170000049971,Павлівська,1,1,1,1
UA07020190000043658,Поромівська,0,0,0,0
UA07020210000033081,Устилузька,9,2,4,3
UA07040010000033507,Камінь-Каширська,8,2,6,6
UA07040030000028082,Любешівська,1,1,6,6
UA07040050000080830,Маневицька,0,0,0,0
UA07040070000058434,Прилісненська,0,0,0,0
UA07040090000043197,Сошичненська,1,1,6,6
UA07060010000090019,Велимченська,3,3,7,7
UA07060030000041840,Велицька,0,0,0,0
UA07060050000091514,Вишнівська,0,0,0,0
UA07060070000063773,Голобська,0,0,0,0
UA07060090000026043,Головненська,0,0,0,0
UA07060110000041168,Дубечненська,0,0,0,0
UA07060130000030797,Дубівська,1,1,1,1
UA07060150000038564,Заболоттівська,0,0,0,0
UA07060170000059479,Забродівська,3,3,7,7
UA07060190000036342,Ковельська,3,0,0,0
UA07060210000030014,Колодяжненська,1,1,1,1
UA07060230000029166,Луківська,0,0,0,0
UA07060250000039902,Люблинецька,0,0,0,0
UA07060270000021892,Любомльська,0,0,0,0
UA07060290000054842,Поворська,0,0,0,0
UA07060310000037369,Ратнівська,2,2,3,3
UA07060330000052414,Рівненська,0,0,0,0
UA07060350000084520,Самарівська,3,3,7,7
UA07060370000022360,Сереховичівська,1,1,6,6
UA07060390000098670,Смідинська,0,0,0,0
UA07060410000041366,Старовижівська,0,0,0,0
UA07060430000041345,Турійська,0,0,0,0
UA07060450000051170,Шацька,0,0,0,0
UA07080010000062933,Берестечківська,0,0,0,0
UA07080030000051738,Боратинська,1,1,1,1
UA07080050000014573,Городищенська,0,0,0,0
UA07080070000052255,Горохівська,0,0,0,0
UA07080090000017614,Доросинівська,0,0,0,0
UA07080110000043895,Ківерцівська,0,0,0,0
UA07080130000017070,Колківська,0,0,0,0
UA07080150000089103,Копачівська,0,0,0,0
UA07080170000013585,Луцька,8,1,1,1
UA07080190000072811,Мар’янівська,0,0,0,0
UA07080210000090779,Олицька,0,0,0,0
UA07080230000046097,Підгайцівська,0,0,0,0
UA07080250000053335,Рожищенська,0,0,0,0
UA07080270000067148,Торчинська,0,0,0,0
UA07080290000088287,Цуманська,0,0,0,0
UA12020010000033698,Дніпровська,0,0,0,0
UA12020030000073022,Китайгородська,0,0,0,0
UA12020050000026654,Любимівська,0,0,0,0
UA12020070000057092,Ляшківська,0,0,0,0
UA12020090000044548,Миколаївська,1,1,1,1
UA12020110000034205,Могилівська,0,0,0,0
UA12020130000022909,Новоолександрівська,2,1,4,1
UA12020150000050274,Новопокровська,3,2,5,1
UA12020170000068526,Обухівська,2,2,1,1
UA12020190000075117,Петриківська,0,0,0,0
UA12020210000032285,Підгородненська,1,1,0,0
UA12020230000085693,Святовасилівська,1,0,4,0
UA12020250000010438,Слобожанська,3,3,2,2
UA12020270000063450,Солонянська,10,9,10,8
UA12020290000063321,Сурсько-Литовська,2,1,4,1
UA12020310000017431,Царичанська,1,1,3,3
UA12020330000076598,Чумаківська,1,1,1,1
UA12040010000018960,Божедарівська,0,0,0,0
UA12040030000066040,Верхівцівська,3,0,0,0
UA12040050000057182,Верхньодніпровська,0,0,0,0
UA12040070000083117,Вишнівська,0,0,0,0
UA12040090000029346,Вільногірська,0,0,0,0
UA12040110000091524,Жовтоводська,0,0,0,0
UA12040130000037856,Затишнянська,0,0,0,0
UA12040150000015189,Кам’янська,0,0,0,0
UA12040170000019083,Криничанська,0,0,0,0
UA12040190000056469,Лихівська,0,0,0,0
UA12040210000039759,П’ятихатська,0,0,0,0
UA12040230000099388,Саксаганська,0,0,0,0
UA12060010000090992,Апостолівська,1,1,1,1
UA12060030000081794,Вакулівська,1,0,1,0
UA12060050000031212,Глеюватська,0,0,0,0
UA12060070000012840,Гречаноподівська,7,7,4,4
UA12060090000074553,Грушівська,0,0,0,0
UA12060110000015305,Девладівська,0,0,0,0
UA12060130000012028,Зеленодольська,0,0,0,0
UA12060150000015198,Карпівська,7,7,4,4
UA12060170000091033,Криворізька,0,0,0,0
UA12060190000043514,Лозуватська,0,0,0,0
UA12060210000077302,Нивотрудівська,0,0,0,0
UA12060230000032833,Новолатівська,3,3,3,3
UA12060250000064393,Новопільська,0,0,0,0
UA12060270000017282,Софіївська,0,0,0,0
UA12060290000039013,Широківська,8,8,3,3
UA12080010000029838,Марганецька,1,0,2,0
UA12080030000022466,Мирівська,1,0,2,0
UA12080050000062712,Нікопольська,0,0,0,0
UA12080070000077032,Першотравневська,2,1,1,0
UA12080090000039979,Покровська,0,0,0,0
UA12080110000055958,Покровська,0,0,0,0
UA12080130000071360,Томаківська,1,0,2,0
UA12080150000061416,Червоногригорівська,0,0,0,0
UA12100010000093577,Губиниська,0,0,0,0
UA12100030000084605,Личківська,1,1,3,3
UA12100050000045992,Магдалинівська,1,1,3,3
UA12100070000011492,Новомосковська,0,0,0,0
UA12100090000022751,Перещепинська,0,0,0,0
UA12100110000043499,Піщанська,0,0,0,0
UA12100130000095653,Черкаська,1,1,1,1
UA12100150000039396,Чернеччинська,1,1,3,3
UA12120010000087180,Богданівська,0,0,0,0
UA12120030000075687,Вербківська,0,0,0,0
UA12120050000027007,Межиріцька,0,0,0,0
UA12120070000057518,Павлоградська,0,0,0,0
UA12120090000031622,Тернівська,0,0,0,0
UA12120110000010894,Троїцька,0,0,0,0
UA12120130000021632,Юр’ївська,0,0,0,0
UA12140010000024967,Брагинівська,0,0,0,0
UA12140030000091432,Васильківська,0,0,0,0
UA12140050000051356,Великомихайлівська,5,4,2,2
UA12140070000025486,Дубовиківська,0,0,0,0
UA12140090000053443,Зайцівська,0,0,0,0
UA12140110000060935,Іларіонівська,0,0,0,0
UA12140130000052990,Маломихайлівська,5,4,2,2
UA12140150000054570,Межівська,2,1,2,1
UA12140170000037152,Миколаївська,0,0,0,0
UA12140190000047361,Новопавлівська,1,1,1,1
UA12140210000089021,Першотравенська,0,0,0,0
UA12140230000057328,Петропавлівська,0,0,0,0
UA12140250000015858,Покровська,5,4,2,2
UA12140270000072109,Раївська,0,0,0,0
UA12140290000032227,Роздорська,0,0,0,0
UA12140310000078816,Синельниківська,0,0,0,0
UA12140330000063909,Славгородська,0,0,0,0
UA12140350000058140,Слов’янська,1,0,1,0
UA12140370000059352,Українська,0,0,0,0
UA14020010000088496,Бахмутська,0,0,0,0
UA14020030000023064,Званівська,0,0,0,0
UA14020050000019803,Світлодарська,0,0,0,0
UA14020070000070354,Сіверська,0,0,0,0
UA14020090000073988,Соледарська,0,0,0,0
UA14020110000075529,Торецька,0,0,0,0
UA14020130000080900,Часовоярська,0,0,0,0
UA14040010000017239,Великоновосілківська,0,0,0,0
UA14040030000025138,Волноваська,0,0,0,0
UA14040050000064688,Вугледарська,0,0,0,0
UA14040070000032181,Комарська,0,0,0,0
UA14040090000061195,Мирненська,0,0,0,0
UA14040110000019914,Ольгинська,0,0,0,0
UA14040130000068575,Старомлинівська,0,0,0,0
UA14040150000099558,Хлібодарівська,0,0,0,0
UA14060010000010738,Вуглегірська,0,0,0,0
UA14060030000084305,Горлівська,0,0,0,0
UA14060050000034979,Дебальцівська,0,0,0,0
UA14060070000066382,Єнакієвська,0,0,0,0
UA14060090000054042,Жданівська,0,0,0,0
UA14060110000052135,Сніжнянська,0,0,0,0
UA14060130000085167,Хрестівська,0,0,0,0
UA14060150000032950,Чистяківська,0,0,0,0
UA14060170000097532,Шахтарська,0,0,0,0
UA14080010000095044,Амвросіївська,0,0,0,0
UA14080030000053877,Донецька,0,0,0,0
UA14080050000085820,Іловайська,0,0,0,0
UA14080070000011977,Макіївська,0,0,0,0
UA14080090000014360,Харцизька,0,0,0,0
UA14080110000066209,Ясинуватська,0,0,0,0
UA14100010000054669,Бойківська,0,0,0,0
UA14100030000067479,Докучаєвська,0,0,0,0
UA14100050000098906,Кальміуська,0,0,0,0
UA14100070000079873,Новоазовська,0,0,0,0
UA14100090000050286,Старобешівська,0,0,0,0
UA14120010000096882,Андріївська,1,1,1,1
UA14120030000057882,Дружківська,0,0,0,0
UA14120050000033910,Іллінівська,0,0,0,0
UA14120070000090878,Костянтинівська,0,0,0,0
UA14120090000098500,Краматорська,1,1,1,1
UA14120110000031497,Лиманська,0,0,0,0
UA14120130000086767,Миколаївська,0,0,0,0
UA14120150000071686,Новодонецька,1,1,1,1
UA14120170000011133,Олександрівська,0,0,0,0
UA14120190000021407,Святогірська,0,0,0,0
UA14120210000056793,Слов’янська,0,0,0,0
UA14120230000038918,Черкаська,0,0,0,0
UA14140010000044623,Кальчицька,0,0,0,0
UA14140030000092230,Мангушська,0,0,0,0
UA14140050000020560,Маріупольська,0,0,0,0
UA14140070000060361,Нікольська,0,0,0,0
UA14140090000015932,Сартанська,0,0,0,0
UA14160010000086090,Авдіївська,0,0,0,0
UA14160030000019136,Білозерська,0,0,0,0
UA14160050000083011,Гродівська,1,1,1,1
UA14160070000097326,Добропільська,1,1,1,1
UA14160090000058463,Криворізька,0,0,0,0
UA14160110000031920,Курахівська,0,0,0,0
UA14160130000011561,Мар’їнська,0,0,0,0
UA14160150000038750,Мирноградська,0,0,0,0
UA14160170000023385,Новогродівська,0,0,0,0
UA14160190000059231,Очеретинська,0,0,0,0
UA14160210000011148,Покровська,0,0,0,0
UA14160230000060952,Селидівська,0,0,0,0
UA14160250000075646,Удачненська,1,1,1,1
UA14160270000099007,Шахівська,0,0,0,0
UA18020010000059904,Андрушівська,0,0,0,0
UA18020030000035625,Бердичівська,1,0,1,0
UA18020050000058053,Вчорайшенська,0,0,0,0
UA18020070000083539,Гришковецька,0,0,0,0
UA18020090000092001,Краснопільська,0,0,0,0
UA18020110000026941,Райгородоцька,1,0,1,0
UA18020130000096761,Ружинська,0,0,0,0
UA18020150000084693,Семенівська,1,0,1,0
UA18020170000036711,Червоненська,0,0,0,0
UA18020190000022756,Швайківська,1,0,1,0
UA18040010000031446,Андрушківська,0,0,0,0
UA18040030000089649,Березівська,0,0,0,0
UA18040050000049937,Брусилівська,9,9,0,0
UA18040070000059677,Високівська,0,0,0,0
UA18040090000077574,Вишевицька,4,4,0,0
UA18040110000034222,Вільшанська,0,0,0,0
UA18040130000075048,Волицька,0,0,0,0
UA18040150000019024,Глибочицька,0,0,0,0
UA18040170000089964,Городоцька,0,0,0,0
UA18040190000029215,Житомирська,0,0,0,0
UA18040210000044466,Квітнева,0,0,0,0
UA18040230000036046,Корнинська,0,0,0,0
UA18040250000068141,Коростишівська,0,0,0,0
UA18040270000050167,Курненська,2,2,1,1
UA18040290000063354,Любарська,0,0,0,0
UA18040310000093693,Миропільська,0,0,0,0
UA18040330000027310,Новоборівська,5,0,2,0
UA18040350000040746,Новогуйвинська,0,0,0,0
UA18040370000055940,Оліївська,0,0,0,0
UA18040390000055900,Попільнянська,0,0,0,0
UA18040410000025491,Потіївська,0,0,0,0
UA18040430000080827,Пулинська,2,2,1,1
UA18040450000079138,Радомишльська,0,0,0,0
UA18040470000074046,Романівська,0,0,0,0
UA18040490000014752,Станишівська,2,0,1,0
UA18040510000013419,Старосілецька,0,0,0,0
UA18040530000045696,Тетерівська,2,0,1,0
UA18040550000062361,Харитонівська,0,0,0,0
UA18040570000099817,Хорошівська,2,0,1,0
UA18040590000064402,Черняхівська,0,0,0,0
UA18040610000049084,Чуднівська,1,0,0,0
UA18060010000047628,Білокоровицька,19,0,1,0
UA18060030000039943,Гладковицька,1,0,2,0
UA18060050000027575,Горщиківська,0,0,0,0
UA18060070000095797,Іршанська,3,0,1,0
UA18060090000061708,Коростенська,0,0,0,0
UA18060110000061631,Лугинська,0,0,0,0
UA18060130000061781,Малинська,0,0,0,0
UA18060150000038188,Народицька,2,2,3,3
UA18060170000069581,Овруцька,3,2,4,3
UA18060190000071101,Олевська,25,1,4,3
UA18060210000083283,Словечанська,3,2,4,3
UA18060230000071114,Ушомирська,0,0,0,0
UA18060250000078729,Чоповицька,0,0,0,0
UA18080010000090720,Баранівська,1,0,1,0
UA18080030000019784,Барашівська,0,0,0,0
UA18080050000083590,Брониківська,1,0,0,0
UA18080070000029133,Городницька,0,0,0,0
UA18080090000055832,Довбиська,1,0,1,0
UA18080110000095378,Дубрівська,0,0,0,0
UA18080130000032098,Ємільчинська,0,0,0,0
UA18080150000022496,Новоград-Волинська,0,0,0,0
UA18080170000023999,Піщівська,0,0,0,0
UA18080190000029932,Стриївська,0,0,0,0
UA18080210000038722,Чижівська,0,0,0,0
UA18080230000071226,Ярунська,0,0,0,0
UA21020010000055068,Батівська,0,0,0,0
UA21020030000019624,Берегівська,0,0,0,0
UA21020050000065800,Великоберезька,0,0,0,0
UA21020070000015036,Великобийганська,0,0,0,0
UA21020090000083647,Вилоцька,0,0,0,0
UA21020110000091104,Виноградівська,0,0,0,0
UA21020130000047547,Кам’янська,0,0,0,0
UA21020150000043098,Королівська,0,0,0,0
UA21020170000069101,Косоньська,0,0,0,0
UA21020190000086409,Пийтерфолвівська,0,0,0,0
UA21040010000055885,Великолучківська,0,0,0,0
UA21040030000026359,Верхньокоропецька,0,0,0,0
UA21040050000032164,Воловецька,2,1,14,14
UA21040070000029344,Горондівська,1,0,1,0
UA21040090000072363,Жденіївська,1,1,14,14
UA21040110000099623,Івановецька,0,0,0,0
UA21040130000019237,Кольчинська,0,0,0,0
UA21040150000092428,Мукачівська,0,0,0,0
UA21040170000092506,Неліпинська,1,1,14,14
UA21040190000088960,Нижньоворітська,2,1,14,14
UA21040210000079273,Полянська,1,1,14,14
UA21040230000091606,Свалявська,0,0,0,0
UA21040250000010914,Чинадіївська,0,0,0,0
UA21060010000011784,Богданська,1,1,13,13
UA21060030000020114,Великобичківська,0,0,0,0
UA21060050000029937,Рахівська,1,1,13,13
UA21060070000049340,Ясінянська,1,1,13,13
UA21080010000097427,Бедевлянська,0,0,0,0
UA21080030000084057,Буштинська,0,0,0,0
UA21080050000056542,Вільховецька,0,0,0,0
UA21080070000025254,Дубівська,0,0,0,0
UA21080090000024861,Нересницька,0,0,0,0
UA21080110000054940,Солотвинська,0,0,0,0
UA21080130000093757,Тересвянська,0,0,0,0
UA21080150000014443,Тячівська,0,0,0,0
UA21080170000093911,Углянська,0,0,0,0
UA21080190000094580,Усть-Чорнянська,0,0,0,0
UA21100010000070243,Баранинська,0,0,0,0
UA21100030000089881,Великоберезнянська,1,1,14,14
UA21100050000042361,Великодобронська,1,0,1,0
UA21100070000018509,Дубриницько-Малоберезнянська,1,1,14,14
UA21100090000012128,Костринська,1,1,14,14
UA21100110000018765,Оноківська,2,1,1,1
UA21100130000055002,Перечинська,1,1,14,14
UA21100150000019483,Середнянська,0,0,0,0
UA21100170000051803,Ставненська,1,1,14,14
UA21100190000078736,Сюртівська,0,0,0,0
UA21100210000026937,Тур’є-Реметівська,1,1,14,14
UA21100230000083101,Ужгородська,1,1,1,1
UA21100250000028639,Холмківська,0,0,0,0
UA21100270000015047,Чопська,0,0,0,0
UA21120010000011654,Білківська,0,0,0,0
UA21120030000076462,Вишківська,0,0,0,0
UA21120050000055437,Горінчівська,0,0,0,0
UA21120070000032447,Довжанська,0,0,0,0
UA21120090000025804,Драгівська,0,0,0,0
UA21120110000065395,Зарічанська,0,0,0,0
UA21120130000025618,Іршавська,0,0,0,0
UA21120150000079563,Керецьківська,0,0,0,0
UA21120170000080579,Колочавська,2,2,14,14
UA21120190000082169,Міжгірська,2,2,14,14
UA21120210000094884,Пилипецька,1,1,14,14
UA21120230000041982,Синевирська,2,2,14,14
UA21120250000077532,Хустська,0,0,0,0
UA23020010000034566,Андрівська,0,0,0,0
UA23020030000059558,Андріївська,0,0,0,0
UA23020050000046501,Бердянська,0,0,0,0
UA23020070000049788,Берестівська,0,0,0,0
UA23020090000069977,Коларівська,0,0,0,0
UA23020110000062653,Осипенківська,0,0,0,0
UA23020130000081044,Приморська,0,0,0,0
UA23020150000063371,Чернігівська,0,0,0,0
UA23040010000033945,Благовіщенська,0,0,0,0
UA23040030000061166,Василівська,0,0,0,0
UA23040050000076136,Великобілозерська,0,0,0,0
UA23040070000097076,Водянська,0,0,0,0
UA23040090000031823,Дніпрорудненська,0,0,0,0
UA23040110000019947,Енергодарська,0,0,0,0
UA23040130000044084,Кам’янсько-Дніпровська,0,0,0,0
UA23040150000063069,Малобілозерська,0,0,0,0
UA23040170000022547,Михайлівська,0,0,0,0
UA23040190000047410,Роздольська,0,0,0,0
UA23040210000019462,Степногірська,0,0,0,0
UA23060010000052992,Біленьківська,0,0,0,0
UA23060030000037089,Вільнянська,0,0,0,0
UA23060050000065959,Долинська,0,0,0,0
UA23060070000082704,Запорізька,0,0,0,0
UA23060090000082326,Комишуваська,2,2,1,1
UA23060110000049870,Кушугумська,0,0,0,0
UA23060130000058533,Матвіївська,0,0,0,0
UA23060150000085288,Михайлівська,1,1,0,0
UA23060170000046208,Михайло-Лукашівська,0,0,0,0
UA23060190000080843,Новомиколаївська,0,0,0,0
UA23060210000064233,Новоолександрівська,0,0,0,0
UA23060230000071243,Павлівська,0,0,0,0
UA23060250000058722,Петро-Михайлівська,0,0,0,0
UA23060270000087706,Степненська,0,0,0,0
UA23060290000024046,Таврійська,2,2,1,1
UA23060310000081443,Тернуватська,0,0,0,0
UA23060330000027462,Широківська,0,0,0,0
UA23080010000036379,Веселівська,1,0,1,0
UA23080030000064349,Кирилівська,0,0,0,0
UA23080050000095009,Костянтинівська,1,1,4,4
UA23080070000068953,Мелітопольська,3,2,2,2
UA23080090000051553,Мирненська,1,1,4,4
UA23080110000020314,Новенська,2,1,2,2
UA23080130000083188,Новобогданівська,1,1,4,4
UA23080150000073640,Нововасилівська,0,0,0,0
UA23080170000033256,Новоуспенівська,1,0,1,0
UA23080190000065134,Олександрівська,0,0,0,0
UA23080210000060255,Плодородненська,0,0,0,0
UA23080230000097340,Приазовська,0,0,0,0
UA23080250000043914,Семенівська,2,2,6,6
UA23080270000086363,Терпіннівська,1,1,4,4
UA23080290000096336,Чкаловська,0,0,0,0
UA23080310000097001,Якимівська,0,0,0,0
UA23100010000094236,Більмацька,10,2,2,2
UA23100030000016840,Воздвижівська,4,4,2,2
UA23100050000041545,Воскресенська,0,0,0,0
UA23100070000026535,Гуляйпільська,4,4,2,2
UA23100090000029171,Комиш-Зорянська,22,11,2,2
UA23100110000028240,Малинівська,4,4,2,2
UA23100130000058758,Малотокмачанська,3,3,1,1
UA23100150000023366,Молочанська,0,0,0,0
UA23100170000031289,Оріхівська,0,0,0,0
UA23100190000020018,Пологівська,0,0,0,0
UA23100210000086911,Преображенська,3,3,1,1
UA23100230000021603,Розівська,0,0,0,0
UA23100250000073490,Смирновська,20,10,2,2
UA23100270000073418,Токмацька,0,0,0,0
UA23100290000069212,Федорівська,0,0,0,0
UA26020010000096556,Білоберізька,0,0,0,0
UA26020030000088465,Верховинська,1,1,13,13
UA26020050000098694,Зеленська,1,1,13,13
UA26040010000011271,Більшівцівська,0,0,0,0
UA26040030000091528,Богородчанська,2,0,7,0
UA26040050000080752,Букачівська,0,0,0,0
UA26040070000065724,Бурштинська,1,1,21,21
UA26040090000025932,Галицька,1,1,21,21
UA26040110000023512,Дзвиняцька,0,0,0,0
UA26040130000010870,Дубовецька,1,1,21,21
UA26040150000053322,Єзупільська,1,0,0,0
UA26040170000097347,Загвіздянська,4,2,4,3
UA26040190000081578,Івано-Франківська,4,0,9,0
UA26040210000094444,Лисецька,4,2,4,3
UA26040230000035526,Обертинська,0,0,0,0
UA26040250000061081,Олешанська,1,1,21,21
UA26040270000047749,Рогатинська,0,0,0,0
UA26040290000025886,Солотвинська,1,1,2,2
UA26040310000066064,Старобогородчанська,1,1,2,2
UA26040330000019235,Тисменицька,0,0,0,0
UA26040350000024417,Тлумацька,1,1,21,21
UA26040370000057019,Угринівська,0,0,0,0
UA26040390000023006,Ямницька,0,0,0,0
UA26060010000037638,Болехівська,1,1,5,5
UA26060030000011364,Брошнів-Осадська,0,0,0,0
UA26060050000042523,Верхнянська,0,0,0,0
UA26060070000011203,Вигодська,0,0,0,0
UA26060090000054411,Витвицька,1,1,5,5
UA26060110000025739,Войнилівська,0,0,0,0
UA26060130000047466,Долинська,1,1,5,5
UA26060150000074921,Дубівська,0,0,0,0
UA26060170000091466,Калуська,1,1,5,5
UA26060190000099075,Новицька,0,0,0,0
UA26060210000091421,Перегінська,1,1,5,5
UA26060230000053464,Рожнятівська,1,1,5,5
UA26060250000064599,Спаська,0,0,0,0
UA26080010000036750,Гвіздецька,0,0,0,0
UA26080030000014307,Городенківська,1,1,21,21
UA26080050000081474,Заболотівська,0,0,0,0
UA26080070000092582,Коломийська,2,2,16,16
UA26080090000095729,Коршівська,0,0,0,0
UA26080110000076323,Матеївецька,0,0,0,0
UA26080130000058024,Нижньовербізька,2,1,3,3
UA26080150000032640,Отинійська,0,0,0,0
UA26080170000041182,Печеніжинська,3,2,3,3
UA26080190000080618,Підгайчиківська,0,0,0,0
UA26080210000049380,П’ядицька,0,0,0,0
UA26080230000035462,Снятинська,0,0,0,0
UA26080250000056546,Чернелицька,0,0,0,0
UA26100010000076570,Косівська,1,1,13,13
UA26100030000012148,Космацька,1,1,13,13
UA26100050000019570,Кутська,1,1,13,13
UA26100070000078132,Рожнівська,0,0,0,0
UA26100090000038366,Яблунівська,0,0,0,0
UA26120010000096774,Ворохтянська,1,1,13,13
UA26120030000018265,Делятинська,4,0,7,0
UA26120050000087602,Ланчинська,3,2,10,3
UA26120070000067596,Надвірнянська,7,1,19,13
UA26120090000072057,Пасічнянська,3,0,7,0
UA26120110000086381,Переріслянська,4,0,7,0
UA26120130000088448,Поляницька,5,1,19,13
UA26120150000021671,Яремчанська,4,2,13,13
UA32020010000093088,Білоцерківська,0,0,0,0
UA32020030000029575,Володарська,0,0,0,0
UA32020050000062595,Гребінківська,0,0,0,0
UA32020070000027895,Ковалівська,0,0,0,0
UA32020090000022264,Маловільшанська,0,0,0,0
UA32020110000085875,Медвинська,1,1,0,0
UA32020130000010013,Рокитнянська,0,0,0,0
UA32020150000040878,Сквирська,0,0,0,0
UA32020170000020698,Ставищенська,0,0,0,0
UA32020190000084133,Таращанська,0,0,0,0
UA32020210000064694,Тетіївська,0,0,0,0
UA32020230000012716,Узинська,0,0,0,0
UA32020250000099079,Фурсівська,0,0,0,0
UA32040010000010116,Бориспільська,1,1,3,3
UA32040030000083910,Вороньківська,1,1,3,3
UA32040050000077950,Гірська,1,1,3,3
UA32040070000056247,Дівичківська,6,5,4,4
UA32040090000083028,Золочівська,1,1,3,3
UA32040110000047477,Переяславська,3,2,4,4
UA32040130000049927,Пристолична,0,0,0,0
UA32040150000073245,Студениківська,3,3,4,4
UA32040170000034173,Ташанська,3,3,4,4
UA32040190000043384,Циблівська,3,3,4,4
UA32040210000086086,Яготинська,2,2,1,1
UA32060010000086043,Баришівська,0,0,0,0
UA32060030000048241,Березанська,0,0,0,0
UA32060050000030591,Броварська,0,0,0,0
UA32060070000092009,Великодимерська,0,0,0,0
UA32060090000096236,Зазимська,0,0,0,0
UA32060110000050416,Згурівська,0,0,0,0
UA32060130000095223,Калинівська,0,0,0,0
UA32060150000031409,Калитянська,0,0,0,0
UA32080010000060215,Білогородська,0,0,0,0
UA32080030000070006,Бородянська,0,0,0,0
UA32080050000052660,Борщагівська,0,0,0,0
UA32080070000050759,Бучанська,0,0,0,0
UA32080090000011038,Вишнева,0,0,0,0
UA32080110000056605,Гостомельська,0,0,0,0
UA32080130000056481,Дмитрівська,0,0,0,0
UA32080150000035443,Ірпінська,0,0,0,0
UA32080170000086616,Коцюбинська,0,0,0,0
UA32080190000081428,Макарівська,1,0,0,0
UA32080210000074136,Немішаївська,0,0,0,0
UA32080230000026180,Пісківська,0,0,0,0
UA32100010000094393,Вишгородська,0,0,0,0
UA32100030000066252,Димерська,0,0,0,0
UA32100050000082904,Іванківська,0,0,0,0
UA32100070000076283,Петрівська,0,0,0,0
UA32100090000060111,Пірнівська,0,0,0,0
UA32100110000030685,Поліська,0,0,0,0
UA32100130000093505,Славутицька,0,0,0,0
UA32120010000062762,Богуславська,0,0,0,0
UA32120030000030458,Васильківська,0,0,0,0
UA32120050000067577,Кагарлицька,0,0,0,0
UA32120070000050717,Козинська,0,0,0,0
UA32120090000034281,Миронівська,0,0,0,0
UA32120110000025177,Обухівська,3,3,0,0
UA32120130000012946,Ржищівська,0,0,0,0
UA32120150000062718,Українська,0,0,0,0
UA32120170000094084,Феодосіївська,0,0,0,0
UA32140010000049369,Бишівська,0,0,0,0
UA32140030000074165,Боярська,1,0,1,0
UA32140050000046018,Гатненська,1,0,1,0
UA32140070000012102,Глевахівська,0,0,0,0
UA32140090000085800,Калинівська,0,0,0,0
UA32140110000089620,Кожанська,0,0,0,0
UA32140130000030648,Томашівська,0,0,0,0
UA32140150000040954,Фастівська,0,0,0,0
UA32140170000038368,Чабанівська,0,0,0,0
UA35020010000028961,Благовіщенська,0,0,0,0
UA35020030000022644,Вільшанська,0,0,0,0
UA35020050000014205,Гайворонська,0,0,0,0
UA35020070000018243,Голованівська,1,1,0,0
UA35020090000039429,Заваллівська,0,0,0,0
UA35020110000013511,Надлацька,0,0,0,0
UA35020130000045875,Новоархангельська,0,0,0,0
UA35020150000027557,Перегонівська,0,0,0,0
UA35020170000076448,Підвисоцька,0,0,0,0
UA35020190000025203,Побузька,0,0,0,0
UA35040010000022631,Аджамська,4,4,3,3
UA35040030000074104,Бобринецька,0,0,0,0
UA35040050000013889,Великосеверинівська,5,3,3,3
UA35040070000034432,Гурівська,0,0,0,0
UA35040090000082553,Дмитрівська,0,0,0,0
UA35040110000055821,Долинська,0,0,0,0
UA35040130000021732,Знам’янська,0,0,0,0
UA35040150000097644,Катеринівська,0,0,0,0
UA35040170000065192,Кетрисанівська,0,0,0,0
UA35040190000012514,Компаніївська,2,2,0,0
UA35040210000014072,Кропивницька,0,0,0,0
UA35040230000015609,Новгородківська,0,0,0,0
UA35040250000048915,Олександрівська,0,0,0,0
UA35040270000084621,Первозванівська,1,1,3,3
UA35040290000046019,Соколівська,6,4,4,4
UA35040310000035890,Суботцівська,0,0,0,0
UA35040330000014430,Устинівська,0,0,0,0
UA35060010000018331,Ганнівська,4,2,3,3
UA35060030000099117,Глодоська,2,2,3,3
UA35060050000025668,Добровеличківська,0,0,0,0
UA35060070000071148,Злинська,0,0,0,0
UA35060090000091976,Маловисківська,0,0,0,0
UA35060110000056063,Мар’янівська,0,0,0,0
UA35060130000087718,Новомиргородська,0,0,0,0
UA35060150000073710,Новоукраїнська,8,5,4,4
UA35060170000071056,Піщанобрідська,0,0,0,0
UA35060190000079777,Помічнянська,0,0,0,0
UA35060210000019042,Рівнянська,7,3,3,3
UA35060230000086264,Смолінська,0,0,0,0
UA35060250000057436,Тишківська,0,0,0,0
UA35080010000032386,Великоандрусівська,0,0,0,0
UA35080030000042560,Новопразька,0,0,0,0
UA35080050000038829,Олександрійська,0,0,0,0
UA35080070000016791,Онуфріївська,0,0,0,0
UA35080090000078673,Пантаївська,0,0,0,0
UA35080110000063919,Петрівська,0,0,0,0
UA35080130000048304,Попельнастівська,0,0,0,0
UA35080150000074379,Приютівська,0,0,0,0
UA35080170000077673,Світловодська,0,0,0,0
UA44020010000067642,Алчевська,0,0,0,0
UA44020030000055937,Зимогір’ївська,0,0,0,0
UA44020050000061272,Кадіївська,0,0,0,0
UA44040010000091230,Довжанська,0,0,0,0
UA44040030000034083,Сорокинська,0,0,0,0
UA44060010000059164,Луганська,0,0,0,0
UA44060030000019360,Лутугинська,0,0,0,0
UA44060050000028333,Молодогвардійська,0,0,0,0
UA44080010000030435,Антрацитівська,0,0,0,0
UA44080030000048115,Ровеньківська,0,0,0,0
UA44080050000055882,Хрустальненська,0,0,0,0
UA44100010000048313,Білокуракинська,0,0,0,0
UA44100030000094890,Коломийчиська,0,0,0,0
UA44100050000027880,Красноріченська,0,0,0,0
UA44100070000070448,Лозно-Олександрівська,1,1,0,0
UA44100090000087782,Нижньодуванська,0,0,0,0
UA44100110000061602,Сватівська,0,0,0,0
UA44100130000017965,Троїцька,0,0,0,0
UA44120010000044132,Гірська,1,0,0,0
UA44120030000094047,Кремінська,0,0,0,0
UA44120050000066819,Лисичанська,0,0,0,0
UA44120070000073915,Попаснянська,0,0,0,0
UA44120090000062828,Рубіжанська,0,0,0,0
UA44120110000010163,Сєвєродонецька,0,0,0,0
UA44140010000036188,Біловодська,0,0,0,0
UA44140030000070201,Білолуцька,3,1,1,1
UA44140050000026566,Марківська,0,0,0,0
UA44140070000058445,Міловська,0,0,0,0
UA44140090000072167,Новопсковська,3,1,1,1
UA44140110000056578,Старобільська,0,0,0,0
UA44140130000089782,Чмирівська,0,0,0,0
UA44140150000072734,Шульгинська,0,0,0,0
UA44160010000053248,Нижньотеплівська,0,0,0,0
UA44160030000020916,Новоайдарська,0,0,0,0
UA44160050000040019,Станично-Луганська,0,0,0,0
UA44160070000013725,Широківська,0,0,0,0
UA44160090000075695,Щастинська,0,0,0,0
UA46020010000073886,Бориславська,7,2,3,3
UA46020030000019252,Дрогобицька,7,3,3,2
UA46020050000037271,Меденицька,2,2,1,1
UA46020070000056149,Східницька,5,1,3,2
UA46020090000057315,Трускавецька,1,1,2,2
UA46040010000033885,Бродівська,3,1,2,2
UA46040030000058332,Буська,1,0,2,0
UA46040050000062043,Заболотцівська,3,1,2,2
UA46040070000032075,Золочівська,2,0,3,0
UA46040090000012087,Красненська,2,0,5,0
UA46040110000093394,Підкамінська,1,1,2,2
UA46040130000035029,Поморянська,1,0,3,0
UA46060010000049728,Бібрська,0,0,0,0
UA46060030000020652,Великолюбінська,3,3,3,3
UA46060050000016451,Глинянська,3,0,3,0
UA46060070000047720,Городоцька,1,1,1,1
UA46060090000017373,Давидівська,3,3,8,8
UA46060110000011684,Добросинсько-Магерівська,2,2,3,3
UA46060130000059055,Жовківська,5,3,4,4
UA46060150000060045,Жовтанецька,5,4,3,2
UA46060170000014754,Зимноводівська,2,2,8,8
UA46060190000038354,Кам’янка-Бузька,8,5,5,2
UA46060210000047788,Комарнівська,1,1,1,1
UA46060230000093092,Куликівська,3,2,4,4
UA46060250000025047,Львівська,2,1,3,3
UA46060270000027170,Мурованська,3,2,8,8
UA46060290000052876,Новояричівська,1,0,3,0
UA46060310000086550,Оброшинська,2,2,8,8
UA46060330000065074,Перемишлянська,3,1,2,0
UA46060350000036006,Підберізцівська,5,4,9,9
UA46060370000065608,Пустомитівська,3,2,8,8
UA46060390000035967,Рава-Руська,8,8,4,4
UA46060410000052681,Сокільницька,3,2,8,8
UA46060430000091455,Солонківська,5,2,8,8
UA46060450000037997,Щирецька,2,2,8,8
UA46080010000010628,Бісковицька,2,0,4,0
UA46080030000048662,Боринська,0,0,0,0
UA46080050000015399,Добромильська,3,0,2,0
UA46080070000035761,Новокалинівська,3,2,4,2
UA46080090000029798,Ралівська,3,1,6,1
UA46080110000050484,Рудківська,2,1,4,1
UA46080130000077112,Самбірська,1,0,4,0
UA46080150000050321,Старосамбірська,1,0,2,0
UA46080170000064605,Стрілківська,2,0,4,0
UA46080190000096121,Турківська,0,0,0,0
UA46080210000051983,Хирівська,1,0,2,0
UA46100010000066018,Гніздичівська,1,0,1,0
UA46100030000016064,Грабовецько-Дулібівська,3,2,2,2
UA46100050000053848,Жидачівська,3,0,1,0
UA46100070000076013,Журавненська,0,0,0,0
UA46100090000076723,Козівська,0,0,0,0
UA46100110000018989,Миколаївська,3,3,3,3
UA46100130000048262,Моршинська,2,1,2,2
UA46100150000087495,Новороздільська,4,3,3,3
UA46100170000077437,Розвадівська,3,2,3,3
UA46100190000081766,Сколівська,0,0,0,0
UA46100210000027970,Славська,1,1,0,0
UA46100230000047305,Стрийська,4,4,2,2
UA46100250000088835,Тростянецька,3,2,3,3
UA46100270000094052,Ходорівська,0,0,0,0
UA46120010000054878,Белзька,0,0,0,0
UA46120030000069375,Великомостівська,1,0,2,0
UA46120050000027080,Добротвірська,3,2,3,2
UA46120070000071541,Лопатинська,1,0,1,0
UA46120090000051307,Радехівська,5,1,7,1
UA46120110000062257,Сокальська,1,1,0,0
UA46120130000026331,Червоноградська,2,1,2,1
UA46140010000081849,Івано-Франківська,0,0,0,0
UA46140030000023506,Мостиська,4,1,2,1
UA46140050000054478,Новояворівська,0,0,0,0
UA46140070000010135,Судововишнянська,1,0,2,0
UA46140090000079730,Шегинівська,4,1,2,1
UA46140110000063568,Яворівська,0,0,0,0
UA48020010000091496,Баштанська,0,0,0,0
UA48020030000061219,Березнегуватська,0,0,0,0
UA48020050000023194,Вільнозапорізька,1,1,1,1
UA48020070000050731,Володимирівська,1,1,1,1
UA48020090000069919,Горохівська,0,0,0,0
UA48020110000020969,Інгульська,0,0,0,0
UA48020130000080862,Казанківська,0,0,0,0
UA48020150000051082,Новобузька,3,3,2,2
UA48020170000082529,Привільненська,0,0,0,0
UA48020190000083597,Снігурівська,0,0,0,0
UA48020210000024814,Софіївська,1,1,1,1
UA48020230000095751,Широківська,0,0,0,0
UA48040010000016403,Братська,0,0,0,0
UA48040030000013036,Бузька,0,0,0,0
UA48040050000011284,Веселинівська,0,0,0,0
UA48040070000056126,Вознесенська,1,1,1,1
UA48040090000070960,Доманівська,0,0,0,0
UA48040110000015580,Дорошівська,1,1,1,1
UA48040130000074078,Єланецька,0,0,0,0
UA48040150000011861,Мостівська,1,1,1,1
UA48040170000057262,Новомар’ївська,0,0,0,0
UA48040190000026236,Олександрівська,0,0,0,0
UA48040210000049987,Прибужанівська,0,0,0,0
UA48040230000012964,Прибузька,1,1,1,1
UA48040250000044166,Южноукраїнська,0,0,0,0
UA48060010000061913,Березанська,0,0,0,0
UA48060030000055210,Веснянська,0,0,0,0
UA48060050000074873,Воскресенська,0,0,0,0
UA48060070000087404,Галицинівська,0,0,0,0
UA48060090000097375,Коблівська,2,1,2,1
UA48060110000055792,Костянтинівська,0,0,0,0
UA48060130000035572,Куцурубська,0,0,0,0
UA48060150000071713,Миколаївська,0,0,0,0
UA48060170000025778,Мішково-Погорілівська,1,1,1,1
UA48060190000070297,Нечаянська,2,2,3,3
UA48060210000081533,Новоодеська,0,0,0,0
UA48060230000098265,Ольшанська,1,1,2,2
UA48060250000061313,Очаківська,0,0,0,0
UA48060270000044708,Первомайська,0,0,0,0
UA48060290000080246,Радсадівська,1,1,2,2
UA48060310000084930,Степівська,0,0,0,0
UA48060330000083035,Сухоєланецька,0,0,0,0
UA48060350000011218,Чорноморська,0,0,0,0
UA48060370000016130,Шевченківська,0,0,0,0
UA48080010000048763,Арбузинська,0,0,0,0
UA48080030000050927,Благодатненська,0,0,0,0
UA48080050000053070,Врадіївська,0,0,0,0
UA48080070000061107,Кам’яномостівська,1,1,1,1
UA48080090000029942,Кривоозерська,0,0,0,0
UA48080110000010732,Мигіївська,0,0,0,0
UA48080130000028458,Первомайська,2,2,1,1
UA48080150000083195,Синюхинобрідська,0,0,0,0
UA51020010000012094,Андрієво-Іванівська,0,0,0,0
UA51020030000095942,Березівська,0,0,0,0
UA51020050000075980,Великобуялицька,0,0,0,0
UA51020070000019684,Знам’янська,1,1,1,1
UA51020090000073639,Іванівська,0,0,0,0
UA51020110000041005,Коноплянська,1,1,1,1
UA51020130000060117,Курісовська,0,0,0,0
UA51020150000090298,Миколаївська,0,0,0,0
UA51020170000041393,Новокальчевська,0,0,0,0
UA51020190000074479,Петровірівська,0,0,0,0
UA51020210000019597,Раухівська,0,0,0,0
UA51020230000068053,Розквітівська,0,0,0,0
UA51020250000084082,Старомаяківська,0,0,0,0
UA51020270000068435,Стрюківська,0,0,0,0
UA51020290000017926,Чогодарівська,0,0,0,0
UA51020310000020019,Ширяївська,0,0,0,0
UA51040010000016896,Білгород-Дністровська,0,0,0,0
UA51040030000095700,Дивізійська,1,1,1,1
UA51040050000073907,Кароліно-Бугазька,1,1,1,1
UA51040070000074000,Кулевчанська,0,0,0,0
UA51040090000096249,Лиманська,6,6,3,3
UA51040110000040346,Маразліївська,0,0,0,0
UA51040130000049323,Мологівська,0,0,0,0
UA51040150000087491,Петропавлівська,0,0,0,0
UA51040170000036391,Плахтіївська,0,0,0,0
UA51040190000058077,Саратська,0,0,0,0
UA51040210000057879,Сергіївська,0,0,0,0
UA51040230000018414,Старокозацька,0,0,0,0
UA51040250000099866,Татарбунарська,7,7,3,3
UA51040270000028361,Тузлівська,3,3,2,2
UA51040290000011852,Успенівська,0,0,0,0
UA51040310000071545,Шабівська,0,0,0,0
UA51060010000033212,Арцизька,0,0,0,0
UA51060030000044366,Болградська,0,0,0,0
UA51060050000061243,Бородінська,0,0,0,0
UA51060070000052726,Василівська,0,0,0,0
UA51060090000014997,Городненська,0,0,0,0
UA51060110000077844,Криничненська,0,0,0,0
UA51060130000042133,Кубейська,0,0,0,0
UA51060150000016544,Павлівська,0,0,0,0
UA51060170000068967,Тарутинська,0,0,0,0
UA51060190000067242,Теплицька,0,0,0,0
UA51080010000087690,Вилківська,1,1,1,1
UA51080030000048246,Ізмаїльська,0,0,0,0
UA51080050000022808,Кілійська,0,0,0,0
UA51080070000040493,Ренійська,0,0,0,0
UA51080090000065506,Саф’янівська,0,0,0,0
UA51080110000079212,Суворовська,0,0,0,0
UA51100010000023950,Авангардівська,5,4,3,3
UA51100030000027628,Біляївська,0,0,0,0
UA51100050000066202,Великодальницька,0,0,0,0
UA51100070000063635,Великодолинська,0,0,0,0
UA51100090000094901,Вигодянська,0,0,0,0
UA51100110000098468,Визирська,0,0,0,0
UA51100130000021533,Дальницька,1,1,1,1
UA51100150000090671,Дачненська,0,0,0,0
UA51100170000087238,Доброславська,0,0,0,0
UA51100190000060999,Красносільська,0,0,0,0
UA51100210000074534,Маяківська,1,1,1,1
UA51100230000045500,Нерубайська,0,0,0,0
UA51100250000055079,Овідіопольська,1,1,2,2
UA51100270000073549,Одеська,0,0,0,0
UA51100290000027993,Таїровська,2,1,2,2
UA51100310000010196,Теплодарська,0,0,0,0
UA51100330000051757,Усатівська,0,0,0,0
UA51100350000087099,Фонтанська,0,0,0,0
UA51100370000040590,Чорноморська,0,0,0,0
UA51100390000087217,Чорноморська,0,0,0,0
UA51100410000059549,Южненська,1,0,1,0
UA51100430000081326,Яськівська,0,0,0,0
UA51120010000025020,Ананьївська,0,0,0,0
UA51120030000075494,Балтська,0,0,0,0
UA51120050000071748,Долинська,0,0,0,0
UA51120070000097161,Зеленогірська,0,0,0,0
UA51120090000035170,Кодимська,0,0,0,0
UA51120110000047677,Куяльницька,0,0,0,0
UA51120130000064324,Любашівська,0,0,0,0
UA51120150000080138,Окнянська,0,0,0,0
UA51120170000076247,Піщанська,0,0,0,0
UA51120190000044451,Подільська,0,0,0,0
UA51120210000054996,Савранська,0,0,0,0
UA51120230000084853,Слобідська,0,0,0,0
UA51140010000090773,Великомихайлівська,0,0,0,0
UA51140030000062458,Великоплосківська,0,0,0,0
UA51140050000054980,Затишанська,2,2,0,0
UA51140070000052649,Захарівська,2,2,0,0
UA51140090000048720,Лиманська,0,0,0,0
UA51140110000053825,Новоборисівська,0,0,0,0
UA51140130000082333,Роздільнянська,0,0,0,0
UA51140150000095416,Степанівська,0,0,0,0
UA51140170000019764,Цебриківська,0,0,0,0
UA53020010000035494,Глобинська,1,0,2,0
UA53020030000081709,Горішньоплавнівська,4,2,7,2
UA53020050000041411,Градизька,2,1,0,0
UA53020070000049284,Кам’янопотоківська,3,1,4,3
UA53020090000045206,Козельщинська,2,1,13,6
UA53020110000092487,Кременчуцька,0,0,0,0
UA53020130000091122,Новогалещинська,1,0,4,0
UA53020150000098867,Оболонська,5,3,1,1
UA53020170000049108,Омельницька,5,1,4,3
UA53020190000090557,Піщанська,6,3,4,3
UA53020210000023587,Пришибська,8,3,11,5
UA53020230000086353,Семенівська,9,6,3,1
UA53040010000091190,Гребінківська,3,0,1,0
UA53040030000088898,Лубенська,1,0,0,0
UA53040050000091161,Новооржицька,3,3,0,0
UA53040070000083099,Оржицька,3,3,0,0
UA53040090000048649,Пирятинська,8,2,2,1
UA53040110000034949,Хорольська,3,2,2,0
UA53040130000097690,Чорнухинська,2,0,0,0
UA53060010000060316,Білоцерківська,0,0,0,0
UA53060030000045288,Великобагачанська,0,0,0,0
UA53060050000024229,Великобудищанська,8,7,5,5
UA53060070000077527,Великосорочинська,2,1,2,1
UA53060090000098426,Гадяцька,4,3,5,5
UA53060110000084138,Гоголівська,0,0,0,0
UA53060130000040567,Заводська,7,7,1,1
UA53060150000093603,Комишнянська,2,2,2,2
UA53060170000064030,Краснолуцька,7,6,5,5
UA53060190000015369,Лохвицька,13,10,1,1
UA53060210000044776,Лютенська,7,5,5,5
UA53060230000098362,Миргородська,3,3,2,2
UA53060250000043118,Петрівсько-Роменська,9,7,5,5
UA53060270000016329,Ромоданівська,1,1,1,1
UA53060290000047345,Сенчанська,1,1,0,0
UA53060310000047988,Сергіївська,4,4,5,5
UA53060330000036503,Шишацька,1,0,1,0
UA53080010000088479,Білицька,1,0,7,0
UA53080030000061078,Великорублівська,5,2,0,0
UA53080050000011754,Диканська,1,0,0,0
UA53080070000036333,Драбинівська,3,2,2,2
UA53080090000014431,Зіньківська,3,2,1,1
UA53080110000062015,Карлівська,1,0,2,0
UA53080130000014699,Кобеляцька,4,2,7,2
UA53080150000085889,Коломацька,6,4,6,6
UA53080170000047487,Котелевська,1,0,0,0
UA53080190000081150,Ланнівська,1,0,2,0
UA53080210000072644,Мартинівська,1,0,2,0
UA53080230000047239,Мачухівська,6,4,8,7
UA53080250000097618,Машівська,3,3,0,0
UA53080270000062586,Михайлівська,0,0,0,0
UA53080290000024637,Нехворощанська,7,5,8,2
UA53080310000072384,Новосанжарська,14,11,10,3
UA53080330000062155,Новоселівська,8,8,6,6
UA53080350000070563,Опішнянська,4,2,1,1
UA53080370000025447,Полтавська,10,8,6,6
UA53080390000027656,Решетилівська,10,4,8,1
UA53080410000094938,Скороходівська,0,0,0,0
UA53080430000085474,Терешківська,6,4,7,7
UA53080450000087891,Чутівська,1,0,0,0
UA53080470000053547,Щербанівська,4,4,6,6
UA56020010000027956,Антонівська,0,0,0,0
UA56020030000068439,Вараська,0,0,0,0
UA56020050000087443,Володимирецька,0,0,0,0
UA56020070000060676,Зарічненська,0,0,0,0
UA56020090000066575,Каноницька,0,0,0,0
UA56020110000024586,Локницька,0,0,0,0
UA56020130000066130,Полицька,0,0,0,0
UA56020150000079107,Рафалівська,0,0,0,0
UA56040010000048910,Бокіймівська,5,5,8,8
UA56040030000031906,Боремельська,5,3,7,2
UA56040050000074861,Варковицька,2,2,8,8
UA56040070000046270,Вербська,3,2,8,8
UA56040090000093293,Демидівська,4,3,2,2
UA56040110000061997,Дубенська,5,5,5,5
UA56040130000011543,Козинська,0,0,0,0
UA56040150000039275,Крупецька,6,6,1,1
UA56040170000050651,Мирогощанська,4,3,8,8
UA56040190000045841,Млинівська,3,3,4,4
UA56040210000047101,Острожецька,2,2,4,4
UA56040230000032182,Підлозцівська,1,1,4,4
UA56040250000064519,Повчанська,2,2,8,8
UA56040270000014394,Привільненська,6,3,13,8
UA56040290000025511,Радивилівська,6,6,1,1
UA56040310000052028,Семидубська,1,1,7,7
UA56040330000091100,Смизька,2,2,8,8
UA56040350000014945,Тараканівська,4,3,8,8
UA56040370000063056,Ярославицька,2,2,4,4
UA56060010000018261,Бабинська,1,1,1,1
UA56060030000057923,Березнівська,0,0,0,0
UA56060050000010769,Білокриницька,2,1,6,1
UA56060070000034529,Бугринська,2,1,6,1
UA56060090000066065,Великомежиріцька,1,1,1,1
UA56060110000087064,Великоомелянська,1,1,1,1
UA56060130000072276,Головинська,0,0,0,0
UA56060150000079268,Городоцька,1,1,1,1
UA56060170000073171,Гощанська,0,0,0,0
UA56060190000073111,Деражненська,1,1,1,1
UA56060210000017052,Дядьковицька,2,2,2,2
UA56060230000076543,Здовбицька,3,3,2,2
UA56060250000052338,Здолбунівська,4,4,2,2
UA56060270000047362,Зорянська,1,1,1,1
UA56060290000044465,Клеванська,1,1,1,1
UA56060310000066585,Корецька,6,1,1,1
UA56060330000075139,Корнинська,0,0,0,0
UA56060350000045909,Костопільська,0,0,0,0
UA56060370000023028,Малинська,0,0,0,0
UA56060390000090915,Малолюбашанська,0,0,0,0
UA56060410000055190,Мізоцька,2,2,2,2
UA56060430000081857,Олександрійська,0,0,0,0
UA56060450000083945,Острозька,0,0,0,0
UA56060470000086729,Рівненська,0,0,0,0
UA56060490000031684,Соснівська,0,0,0,0
UA56060510000062151,Шпанівська,0,0,0,0
UA56080010000083302,Березівська,0,0,0,0
UA56080030000069650,Вирівська,0,0,0,0
UA56080050000068593,Висоцька,1,1,3,3
UA56080070000040721,Дубровицька,1,1,3,3
UA56080090000098391,Клесівська,1,1,1,1
UA56080110000056503,Миляцька,2,1,8,3
UA56080130000056682,Немовицька,1,0,5,0
UA56080150000069525,Рокитнівська,0,0,0,0
UA56080170000055864,Сарненська,2,1,1,1
UA56080190000032614,Старосільська,2,2,3,3
UA56080210000074337,Степанська,0,0,0,0
UA59020010000024157,Бочечківська,2,1,2,1
UA59020030000072865,Буринська,0,0,0,0
UA59020050000012539,Дубов’язівська,1,1,1,1
UA59020070000032449,Конотопська,1,0,1,0
UA59020090000085438,Кролевецька,0,0,0,0
UA59020110000066430,Новослобідська,1,0,1,0
UA59020130000060377,Попівська,0,0,0,0
UA59020150000078955,Путивльська,1,0,1,0
UA59040010000075530,Боромлянська,3,0,1,0
UA59040030000060142,Великописарівська,0,0,0,0
UA59040050000033127,Грунська,6,6,2,2
UA59040070000045520,Кириківська,0,0,0,0
UA59040090000041737,Комишанська,9,8,3,2
UA59040110000026694,Охтирська,1,0,1,0
UA59040130000041676,Тростянецька,9,0,1,0
UA59040150000076482,Чернеччинська,6,6,2,2
UA59040170000054314,Чупахівська,0,0,0,0
UA59060010000042952,Андріяшівська,1,1,4,4
UA59060030000069916,Вільшанська,4,3,1,1
UA59060050000060884,Коровинська,5,4,5,5
UA59060070000040784,Липоводолинська,1,1,4,4
UA59060090000012687,Недригайлівська,21,18,2,2
UA59060110000049734,Роменська,1,1,4,4
UA59060130000041204,Синівська,0,0,0,0
UA59060150000055022,Хмелівська,1,1,4,4
UA59080010000078468,Бездрицька,0,0,0,0
UA59080030000075526,Білопільська,0,0,0,0
UA59080050000061215,Верхньосироватська,0,0,0,0
UA59080070000062635,Ворожбянська,0,0,0,0
UA59080090000092991,Краснопільська,25,0,0,0
UA59080110000034361,Лебединська,0,0,0,0
UA59080130000022249,Миколаївська,1,0,3,0
UA59080150000013842,Миколаївська,1,0,3,0
UA59080170000056499,Миропільська,0,0,0,0
UA59080190000095280,Нижньосироватська,0,0,0,0
UA59080210000075243,Річківська,0,0,0,0
UA59080230000084731,Садівська,0,0,0,0
UA59080250000082875,Степанівська,1,0,3,0
UA59080270000073662,Сумська,0,0,0,0
UA59080290000021284,Хотінська,1,0,3,0
UA59080310000049988,Юнаківська,0,0,0,0
UA59100010000064812,Березівська,2,0,2,0
UA59100030000078744,Глухівська,2,0,2,0
UA59100050000059594,Дружбівська,0,0,0,0
UA59100070000019079,Есманьська,1,0,2,0
UA59100090000041284,Зноб-Новгородська,0,0,0,0
UA59100110000012703,Свеська,1,0,0,0
UA59100130000041016,Середино-Будська,0,0,0,0
UA59100150000074932,Шалигинська,0,0,0,0
UA59100170000093676,Шосткинська,0,0,0,0
UA59100190000010734,Ямпільська,0,0,0,0
UA61020010000028670,Борсуківська,2,0,0,0
UA61020030000060484,Великодедеркальська,0,0,0,0
UA61020050000098539,Вишнівецька,0,0,0,0
UA61020070000092368,Кременецька,0,0,0,0
UA61020090000020422,Лановецька,0,0,0,0
UA61020110000084342,Лопушненська,0,0,0,0
UA61020130000037505,Почаївська,0,0,0,0
UA61020150000036935,Шумська,0,0,0,0
UA61040010000042862,Байковецька,3,2,2,2
UA61040030000060956,Бережанська,0,0,0,0
UA61040050000096355,Білецька,0,0,0,0
UA61040070000079091,Великоберезовицька,0,0,0,0
UA61040090000047241,Великобірківська,0,0,0,0
UA61040110000010646,Великогаївська,0,0,0,0
UA61040130000085402,Залозецька,0,0,0,0
UA61040150000098181,Збаразька,0,0,0,0
UA61040170000086062,Зборівська,0,0,0,0
UA61040190000027979,Золотниківська,2,1,3,3
UA61040210000084270,Іванівська,1,1,3,3
UA61040230000060213,Козівська,0,0,0,0
UA61040250000021345,Козлівська,2,0,1,0
UA61040270000064661,Купчинецька,2,0,1,0
UA61040290000047781,Микулинецька,1,1,3,3
UA61040310000059301,Нараївська,0,0,0,0
UA61040330000096161,Озернянська,0,0,0,0
UA61040350000078247,Підволочиська,2,1,3,1
UA61040370000060170,Підгаєцька,0,0,0,0
UA61040390000066619,Підгороднянська,0,0,0,0
UA61040410000065219,Саранчуківська,0,0,0,0
UA61040430000018305,Скалатська,3,1,3,1
UA61040450000064468,Скориківська,1,0,2,0
UA61040470000038207,Теребовлянська,2,1,3,3
UA61040490000035010,Тернопільська,2,1,1,1
UA61060010000070653,Білобожницька,0,0,0,0
UA61060030000070527,Більче-Золотецька,0,0,0,0
UA61060050000068464,Борщівська,2,2,22,22
UA61060070000098188,Бучацька,0,0,0,0
UA61060090000060396,Васильковецька,0,0,0,0
UA61060110000078824,Гримайлівська,2,1,1,1
UA61060130000045755,Гусятинська,0,0,0,0
UA61060150000032895,Заводська,1,0,1,0
UA61060170000051011,Заліщицька,1,1,21,21
UA61060190000016283,Золотопотіцька,0,0,0,0
UA61060210000021722,Іване-Пустенська,1,1,21,21
UA61060230000067504,Колиндянська,0,0,0,0
UA61060250000062700,Копичинецька,0,0,0,0
UA61060270000084790,Коропецька,0,0,0,0
UA61060290000038953,Мельнице-Подільська,0,0,0,0
UA61060310000061998,Монастириська,1,1,21,21
UA61060330000041227,Нагірянська,0,0,0,0
UA61060350000024021,Скала-Подільська,1,1,1,1
UA61060370000081851,Товстенська,1,1,0,0
UA61060390000013361,Трибухівська,0,0,0,0
UA61060410000092242,Хоростківська,0,0,0,0
UA61060430000094264,Чортківська,1,0,1,0
UA63020010000079018,Богодухівська,0,0,0,0
UA63020030000094096,Валківська,0,0,0,0
UA63020050000045982,Золочівська,1,1,1,1
UA63020070000090466,Коломацька,0,0,0,0
UA63020090000096294,Краснокутська,2,0,0,0
UA63040010000010092,Балаклійська,0,0,0,0
UA63040030000052515,Барвінківська,0,0,0,0
UA63040050000042831,Борівська,0,0,0,0
UA63040070000092606,Донецька,0,0,0,0
UA63040090000021240,Ізюмська,0,0,0,0
UA63040110000053205,Куньєвська,0,0,0,0
UA63040130000098894,Оскільська,1,0,0,0
UA63040150000053402,Савинська,0,0,0,0
UA63060010000015783,Зачепилівська,6,2,1,0
UA63060030000041642,Кегичівська,0,0,0,0
UA63060050000033240,Красноградська,2,0,1,0
UA63060070000031032,Наталинська,2,0,1,0
UA63060090000041888,Сахновщинська,1,0,1,0
UA63060110000043554,Старовірівська,2,0,0,0
UA63080010000040281,Великобурлуцька,2,0,2,0
UA63080030000019649,Вільхуватська,2,0,1,0
UA63080050000048455,Дворічанська,0,0,0,0
UA63080070000080622,Кіндрашівська,0,0,0,0
UA63080090000067457,Куп’янська,3,0,0,0
UA63080110000021737,Курилівська,0,0,0,0
UA63080130000077600,Петропавлівська,0,0,0,0
UA63080150000094794,Шевченківська,2,2,0,0
UA63100010000016136,Біляївська,2,1,2,2
UA63100030000050119,Близнюківська,10,3,1,0
UA63100050000079487,Лозівська,4,0,2,0
UA63100070000048302,Олексіївська,2,1,2,2
UA63100090000052019,Первомайська,3,2,2,2
UA63120010000021682,Безлюдівська,0,0,0,0
UA63120030000035245,Височанська,0,0,0,0
UA63120050000019867,Вільхівська,0,0,0,0
UA63120070000018741,Дергачівська,1,1,2,2
UA63120090000046130,Липецька,0,0,0,0
UA63120110000043456,Люботинська,0,0,0,0
UA63120130000010762,Малоданилівська,1,1,2,2
UA63120150000086206,Мереф’янська,0,0,0,0
UA63120170000093573,Нововодолазька,0,0,0,0
UA63120190000093717,Південноміська,2,1,1,1
UA63120210000075842,Пісочинська,1,1,1,1
UA63120230000080742,Роганська,0,0,0,0
UA63120250000081463,Солоницівська,2,2,3,3
UA63120270000028556,Харківська,0,0,0,0
UA63120290000021734,Циркунівська,0,0,0,0
UA63140010000049419,Вовчанська,3,1,1,1
UA63140030000091352,Зміївська,8,5,1,1
UA63140050000096783,Малинівська,1,1,2,2
UA63140070000015310,Новопокровська,0,0,0,0
UA63140090000052369,Печенізька,0,0,0,0
UA63140110000087562,Слобожанська,8,5,1,1
UA63140130000029212,Старосалтівська,2,1,1,1
UA63140150000093944,Чкаловська,1,1,2,2
UA63140170000087785,Чугуївська,2,2,2,2
UA65020010000060480,Бериславська,0,0,0,0
UA65020030000094118,Борозенська,1,1,0,0
UA65020050000086746,Великоолександрівська,0,0,0,0
UA65020070000029027,Високопільська,0,0,0,0
UA65020090000016354,Калинівська,0,0,0,0
UA65020110000081240,Кочубеївська,0,0,0,0
UA65020130000012731,Милівська,0,0,0,0
UA65020150000047137,Нововоронцовська,0,0,0,0
UA65020170000056973,Новоолександрівська,0,0,0,0
UA65020190000013272,Новорайська,0,0,0,0
UA65020210000085773,Тягинська,0,0,0,0
UA65040010000061104,Генічеська,0,0,0,0
UA65040030000056170,Іванівська,0,0,0,0
UA65040050000029613,Нижньосірогозька,0,0,0,0
UA65040070000086673,Новотроїцька,0,0,0,0
UA65060010000033335,Асканія-Нова,2,1,2,2
UA65060030000075716,Великолепетиська,0,0,0,0
UA65060050000022914,Верхньорогачицька,0,0,0,0
UA65060070000037346,Горностаївська,1,0,1,0
UA65060090000037720,Зеленопідська,0,0,0,0
UA65060110000017055,Каховська,0,0,0,0
UA65060130000026961,Костянтинівська,1,0,1,0
UA65060150000054200,Любимівська,0,0,0,0
UA65060170000032937,Новокаховська,0,0,0,0
UA65060190000091058,Присиваська,2,1,2,2
UA65060210000049771,Рубанівська,0,0,0,0
UA65060230000076026,Тавричанська,1,1,2,2
UA65060250000073379,Таврійська,0,0,0,0
UA65060270000020124,Хрестівська,0,0,0,0
UA65060290000041992,Чаплинська,0,0,0,0
UA65080010000062554,Бехтерська,0,0,0,0
UA65080030000058401,Голопристанська,0,0,0,0
UA65080050000077041,Долматівська,0,0,0,0
UA65080070000011930,Каланчацька,0,0,0,0
UA65080090000034188,Лазурненська,0,0,0,0
UA65080110000032706,Мирненська,0,0,0,0
UA65080130000090391,Новомиколаївська,0,0,0,0
UA65080150000042499,Скадовська,0,0,0,0
UA65080170000067222,Чулаківська,0,0,0,0
UA65100010000048953,Білозерська,0,0,0,0
UA65100030000028786,Великокопанівська,0,0,0,0
UA65100050000017921,Виноградівська,0,0,0,0
UA65100070000064512,Дар’ївська,0,0,0,0
UA65100090000097337,Музиківська,1,0,1,0
UA65100110000015344,Олешківська,0,0,0,0
UA65100130000084882,Станіславська,0,0,0,0
UA65100150000057191,Херсонська,0,0,0,0
UA65100170000014054,Чорнобаївська,1,0,1,0
UA65100190000073217,Ювілейна,0,0,0,0
UA68020010000017180,Гуківська,2,2,1,1
UA68020030000032574,Гуменецька,0,0,0,0
UA68020050000040518,Дунаєвецька,3,3,3,3
UA68020070000084437,Жванецька,1,1,21,21
UA68020090000037732,Закупненська,0,0,0,0
UA68020110000071202,Кам’янець-Подільська,3,3,2,2
UA68020130000052994,Китайгородська,1,1,21,21
UA68020150000089666,Маківська,1,1,1,1
UA68020170000033495,Новодунаєвецька,1,1,1,1
UA68020190000052031,Новоушицька,0,0,0,0
UA68020210000024765,Орининська,0,0,0,0
UA68020230000069135,Слобідсько-Кульчієвецька,2,2,22,22
UA68020250000080044,Смотрицька,1,1,1,1
UA68020270000040572,Староушицька,0,0,0,0
UA68020290000026103,Чемеровецька,0,0,0,0
UA68040010000025276,Антонінська,0,0,0,0
UA68040030000027335,Вiйтовецька,1,0,2,0
UA68040050000052367,Віньковецька,2,0,1,0
UA68040070000035730,Вовковинецька,0,0,0,0
UA68040090000087566,Волочиська,1,0,2,0
UA68040110000011931,Гвардійська,0,0,0,0
UA68040130000024471,Городоцька,0,0,0,0
UA68040150000077185,Деражнянська,0,0,0,0
UA68040170000061140,Заслучненська,0,0,0,0
UA68040190000021840,Зіньківська,1,0,1,0
UA68040210000089917,Красилівська,0,0,0,0
UA68040230000081901,Летичівська,0,0,0,0
UA68040250000053378,Лісовогринівецька,0,0,0,0
UA68040270000072985,Меджибізька,0,0,0,0
UA68040290000010822,Миролюбненська,0,0,0,0
UA68040310000052042,Наркевицька,1,0,2,0
UA68040330000086970,Розсошанська,0,0,0,0
UA68040350000083350,Сатанівська,0,0,0,0
UA68040370000082743,Солобковецька,0,0,0,0
UA68040390000011141,Старокостянтинівська,0,0,0,0
UA68040410000062890,Староостропільська,0,0,0,0
UA68040430000052699,Старосинявська,0,0,0,0
UA68040450000097735,Теофіпольська,0,0,0,0
UA68040470000053519,Хмельницька,0,0,0,0
UA68040490000093353,Чорноострівська,0,0,0,0
UA68040510000019366,Щиборівська,0,0,0,0
UA68040530000044109,Ярмолинецька,0,0,0,0
UA68060010000056690,Берездівська,1,1,4,4
UA68060030000077318,Білогірська,0,0,0,0
UA68060050000037587,Ганнопільська,1,1,4,4
UA68060070000048275,Грицівська,0,0,0,0
UA68060090000093924,Ізяславська,0,0,0,0
UA68060110000046608,Крупецька,1,1,4,4
UA68060130000034298,Ленковецька,0,0,0,0
UA68060150000029549,Михайлюцька,0,0,0,0
UA68060170000075276,Нетішинська,0,0,0,0
UA68060190000075749,Плужненська,0,0,0,0
UA68060210000095851,Полонська,0,0,0,0
UA68060230000028195,Понінківська,0,0,0,0
UA68060250000078635,Сахновецька,0,0,0,0
UA68060270000042174,Славутська,1,1,4,4
UA68060290000039941,Судилківська,0,0,0,0
UA68060310000022172,Улашанівська,1,1,4,4
UA68060330000029010,Шепетівська,0,0,0,0
UA68060350000035460,Ямпільська,0,0,0,0
UA71020010000037786,Бужанська,2,1,2,1
UA71020030000059581,Ватутінська,0,0,0,0
UA71020050000074004,Виноградська,1,0,1,0
UA71020070000078820,Вільшанська,1,0,1,0
UA71020090000047211,Водяницька,0,0,0,0
UA71020110000015834,Єрківська,1,0,19,0
UA71020130000086047,Звенигородська,0,0,0,0
UA71020150000082849,Катеринопільська,0,0,0,0
UA71020170000024193,Лип’янська,3,2,0,0
UA71020190000034403,Лисянська,1,1,1,1
UA71020210000030936,Матусівська,2,1,20,1
UA71020230000095267,Мокрокалигірська,0,0,0,0
UA71020250000078192,Селищенська,3,0,20,0
UA71020270000021083,Стеблівська,2,0,19,0
UA71020290000032540,Тальнівська,2,1,19,1
UA71020310000027379,Шевченківська,2,2,0,0
UA71020330000027449,Шполянська,1,1,1,1
UA71040010000032874,Великохутірська,0,0,0,0
UA71040030000055285,Вознесенська,3,0,3,0
UA71040050000016509,Гельмязівська,1,1,0,0
UA71040070000034468,Драбівська,1,1,0,0
UA71040090000047664,Золотоніська,3,0,2,0
UA71040110000054881,Зорівська,2,0,2,0
UA71040130000029175,Іркліївська,3,1,19,0
UA71040150000026547,Новодмитрівська,1,0,1,0
UA71040170000034734,Піщанська,0,0,0,0
UA71040190000080571,Чорнобаївська,0,0,0,0
UA71040210000024694,Шрамківська,0,0,0,0
UA71060010000027807,Бабанська,0,0,0,0
UA71060030000053648,Баштечківська,1,1,1,1
UA71060050000056084,Буцька,2,1,19,1
UA71060070000098837,Дмитрушківська,0,0,0,0
UA71060090000088339,Жашківська,5,3,21,1
UA71060110000085867,Іваньківська,2,1,19,1
UA71060130000099511,Ладижинська,0,0,0,0
UA71060150000062190,Маньківська,1,0,1,0
UA71060170000092613,Монастирищенська,0,0,0,0
UA71060190000086831,Паланська,1,0,19,0
UA71060210000032972,Уманська,0,0,0,0
UA71060230000095772,Христинівська,0,0,0,0
UA71080010000073303,Балаклеївська,0,0,0,0
UA71080030000050121,Березняківська,2,1,0,0
UA71080050000028174,Білозірська,1,0,19,0
UA71080070000050993,Бобрицька,5,2,3,3
UA71080090000075810,Будищенська,0,0,0,0
UA71080110000055395,Городищенська,0,0,0,0
UA71080130000078619,Кам’янська,3,1,19,1
UA71080150000071745,Канівська,3,2,3,3
UA71080170000080118,Корсунь-Шевченківська,1,0,19,0
UA71080190000038712,Леськівська,2,0,0,0
UA71080210000074132,Ліплявська,5,3,21,3
UA71080230000065521,Медведівська,4,0,2,0
UA71080250000099725,Михайлівська,3,0,19,0
UA71080270000076233,Мліївська,1,0,19,0
UA71080290000067044,Мошнівська,0,0,0,0
UA71080310000072487,Набутівська,1,0,19,0
UA71080330000082129,Ротмістрівська,1,0,19,0
UA71080350000033809,Руськополянська,0,0,0,0
UA71080370000064287,Сагунівська,2,1,2,1
UA71080390000078978,Смілянська,0,0,0,0
UA71080410000061690,Степанецька,4,2,21,3
UA71080430000025181,Степанківська,1,0,19,0
UA71080450000083423,Тернівська,0,0,0,0
UA71080470000038153,Червонослобідська,0,0,0,0
UA71080490000022110,Черкаська,0,0,0,0
UA71080510000028067,Чигиринська,7,1,2,1
UA73020010000044067,Банилівська,0,0,0,0
UA73020030000022011,Берегометська,0,0,0,0
UA73020050000061546,Брусницька,0,0,0,0
UA73020070000035367,Вашківецька,0,0,0,0
UA73020090000031499,Вижницька,3,2,14,14
UA73020110000071923,Конятинська,0,0,0,0
UA73020130000092871,Путильська,2,1,1,1
UA73020150000076225,Селятинська,4,2,2,2
UA73020170000016631,Усть-Путильська,0,0,0,0
UA73040010000039325,Вашковецька,2,1,1,1
UA73040030000042378,Кельменецька,1,1,21,21
UA73040050000080963,Клішковецька,5,5,24,24
UA73040070000053425,Лівинецька,1,1,21,21
UA73040090000036527,Мамалигівська,0,0,0,0
UA73040110000040354,Недобоївська,2,2,2,2
UA73040130000087963,Новодністровська,1,1,21,21
UA73040150000056182,Рукшинська,3,3,22,22
UA73040170000011490,Сокирянська,3,2,22,22
UA73040190000062796,Хотинська,2,2,3,3
UA73060010000052133,Боянська,0,0,0,0
UA73060030000078843,Ванчиковецька,0,0,0,0
UA73060050000034325,Великокучурівська,2,2,1,1
UA73060070000082869,Веренчанська,0,0,0,0
UA73060090000047054,Вікнянська,1,1,21,21
UA73060110000070017,Волоківська,0,0,0,0
UA73060130000078771,Герцаївська,1,1,1,1
UA73060150000088691,Глибоцька,2,2,1,1
UA73060170000031531,Горішньошеровецька,0,0,0,0
UA73060190000043347,Заставнівська,0,0,0,0
UA73060210000010691,Кадубовецька,1,1,21,21
UA73060230000024500,Кам’янецька,0,0,0,0
UA73060250000049790,Кам’янська,0,0,0,0
UA73060270000016588,Карапчівська,0,0,0,0
UA73060290000034305,Кіцманська,1,0,1,0
UA73060310000074904,Кострижівська,0,0,0,0
UA73060330000039245,Красноїльська,1,1,1,1
UA73060350000057190,Магальська,0,0,0,0
UA73060370000059595,Мамаївська,0,0,0,0
UA73060390000017602,Неполоковецька,0,0,0,0
UA73060410000077092,Новоселицька,0,0,0,0
UA73060430000042676,Острицька,1,1,1,1
UA73060450000099566,Петровецька,1,1,1,1
UA73060470000040033,Ставчанська,1,0,1,0
UA73060490000033679,Сторожинецька,0,0,0,0
UA73060510000025800,Сучевенська,0,0,0,0
UA73060530000099979,Тарашанська,0,0,0,0
UA73060550000052402,Тереблеченська,0,0,0,0
UA73060570000058573,Топорівська,3,2,2,2
UA73060590000095243,Чагорська,0,0,0,0
UA73060610000066784,Чернівецька,2,1,1,1
UA73060630000091311,Чудейська,0,0,0,0
UA73060650000012771,Юрковецька,1,1,21,21
UA74020010000010449,Корюківська,3,1,6,5
UA74020030000069340,Менська,4,4,6,6
UA74020050000033944,Сновська,0,0,0,0
UA74020070000037186,Сосницька,2,0,1,0
UA74020090000083820,Холминська,0,0,0,0
UA74040010000076097,Батуринська,2,1,4,4
UA74040030000093042,Бахмацька,0,0,0,0
UA74040050000013413,Бобровицька,2,0,1,0
UA74040070000086652,Борзнянська,0,0,0,0
UA74040090000047246,Вертіївська,2,0,1,0
UA74040110000021989,Височанська,0,0,0,0
UA74040130000094076,Дмитрівська,0,0,0,0
UA74040150000010608,Комарівська,1,0,0,0
UA74040170000037628,Крутівська,0,0,0,0
UA74040190000070909,Лосинівська,0,0,0,0
UA74040210000018988,Макіївська,0,0,0,0
UA74040230000022565,Мринська,0,0,0,0
UA74040250000063494,Ніжинська,2,1,5,4
UA74040270000069132,Новобасанська,2,0,1,0
UA74040290000072674,Носівська,0,0,0,0
UA74040310000039217,Плисківська,0,0,0,0
UA74040330000024949,Талалаївська,0,0,0,0
UA74060010000052907,Коропська,0,0,0,0
UA74060030000026607,Новгород-Сіверська,1,1,5,5
UA74060050000061355,Понорницька,0,0,0,0
UA74060070000028810,Семенівська,3,2,5,5
UA74080010000063011,Варвинська,3,2,0,0
UA74080030000040714,Ічнянська,0,0,0,0
UA74080050000033938,Ладанська,0,0,0,0
UA74080070000022285,Линовицька,0,0,0,0
UA74080090000092409,Малодівицька,1,0,0,0
UA74080110000023749,Парафіївська,1,1,4,4
UA74080130000060606,Прилуцька,0,0,0,0
UA74080150000033167,Срібнянська,0,0,0,0
UA74080170000055617,Сухополов’янська,1,1,4,4
UA74080190000091939,Талалаївська,0,0,0,0
UA74080210000098421,Яблунівська,0,0,0,0
UA74100010000063674,Березнянська,1,1,1,1
UA74100030000076377,Гончарівська,0,0,0,0
UA74100050000019554,Городнянська,3,3,5,5
UA74100070000057810,Деснянська,1,1,1,1
UA74100090000064336,Добрянська,0,0,0,0
UA74100110000030364,Іванівська,0,0,0,0
UA74100130000039404,Киїнська,0,0,0,0
UA74100150000090847,Киселівська,0,0,0,0
UA74100170000043593,Кіптівська,1,0,2,0
UA74100190000086457,Козелецька,2,1,6,4
UA74100210000053397,Куликівська,1,0,1,0
UA74100230000068041,Любецька,0,0,0,0
UA74100250000038291,Михайло-Коцюбинська,0,0,0,0
UA74100270000049748,Новобілоуська,0,0,0,0
UA74100290000084770,Олишівська,1,0,1,0
UA74100310000091595,Остерська,2,1,3,1
UA74100330000029082,Ріпкинська,0,0,0,0
UA74100350000075160,Седнівська,0,0,0,0
UA74100370000041962,Тупичівська,3,3,5,5
UA74100390000073425,Чернігівська,0,0,0,0
