hromada_code,hromada_name,total_population_2022,urban_population_2022,urban_pct
UA05020010000053508,Агрономічна,9361,0,0
UA05020030000031457,Вінницька,387439,371004,0.9575804191111374
UA05020050000066991,Вороновицька,17127,6246,0.3646873357856017
UA05020070000010139,Гніванська,18446,12191,0.6609020925946004
UA05020090000067118,Іллінецька,21123,11095,0.525256829048904
UA05020110000052014,Липовецька,20302,7958,0.3919810856073293
UA05020130000056031,Літинська,21124,6547,0.3099318310925961
UA05020150000074651,Лука-Мелешківська,11272,0,0
UA05020170000049432,Немирівська,27959,11421,0.40849100468543226
UA05020190000015755,Оратівська,18365,2694,0.14669207732099102
UA05020210000033427,Погребищенська,27074,9209,0.3401418334933885
UA05020230000029909,Стрижавська,19146,9000,0.4700720777185835
UA05020250000055470,Сутисківська,6623,5877,0.8873622225577533
UA05020270000044358,Тиврівська,10978,3879,0.3533430497358353
UA05020290000092626,Турбівська,15256,6084,0.39879391714735185
UA05020310000080026,Якушинецька,16371,0,0
UA05040010000022470,Бершадська,42017,12205,0.29047766380274653
UA05040030000050131,Гайсинська,43573,25698,0.5897688935808872
UA05040050000080930,Дашівська,14273,3762,0.2635745813774259
UA05040070000093188,Джулинська,12553,0,0
UA05040090000093950,Краснопільська,7466,0,0
UA05040110000042036,Кунківська,4064,0,0
UA05040130000025322,Ладижинська,24594,22459,0.9131902089940636
UA05040150000077146,Ободівська,9636,0,0
UA05040170000093514,Ольгопільська,6094,0,0
UA05040190000039450,Райгородська,7035,2155,0.30632551528073915
UA05040210000068217,Соболівська,7734,0,0
UA05040230000017028,Теплицька,16893,6076,0.35967560528029363
UA05040250000027965,Тростянецька,23487,7257,0.30897943543236683
UA05040270000051651,Чечельницька,13228,4785,0.3617326882370729
UA05060010000053179,Барська,39667,0,0
UA05060030000026125,Джуринська,12609,0,0
UA05060050000058111,Жмеринська,48271,38136,0.7900395682708045
UA05060070000012952,Копайгородська,7825,1206,0.15412140575079872
UA05060090000058521,Мурафська,11380,0,0
UA05060110000027268,Северинівська,7708,0,0
UA05060130000030729,Станіславчицька,7436,0,0
UA05060150000094411,Шаргородська,24017,6982,0.2907107465545239
UA05080010000038400,Бабчинецька,5237,0,0
UA05080030000089348,Вендичанська,13557,3652,0.2693811315187726
UA05080050000023603,Могилів-Подільська,42154,29925,0.7098970441713717
UA05080070000010150,Мурованокуриловецька,20403,5632,0.27603783757290595
UA05080090000089922,Чернівецька,15196,2483,0.1633982627007107
UA05080110000056824,Ямпільська,36670,10679,0.29121898009271885
UA05080130000024964,Яришівська,6611,0,0
UA05100010000023453,Брацлавська,9439,4872,0.5161563724970866
UA05100030000051497,Вапнярська,9304,7165,0.7700988822012038
UA05100050000038768,Городківська,11474,0,0
UA05100070000035159,Крижопільська,19658,8479,0.43132566893885443
UA05100090000029847,Піщанська,13467,6227,0.4623895448132472
UA05100110000070795,Студенянська,5778,0,0
UA05100130000061386,Томашпільська,21494,5276,0.24546385037684934
UA05100150000050790,Тульчинська,43012,19274,0.4481075048823584
UA05100170000071290,Шпиківська,15803,2917,0.1845852053407581
UA05120010000076685,Глуховецька,10994,5129,0.4665271966527197
UA05120030000061384,Жданівська,5360,0,0
UA05120050000063063,Іванівська,13164,0,0
UA05120070000075759,Калинівська,44542,18492,0.4151587265951237
UA05120090000060589,Козятинська,32347,23207,0.7174390206201502
UA05120110000018679,Махнівська,7785,0,0
UA05120130000014261,Самгородоцька,8283,0,0
UA05120150000069474,Уланівська,15263,0,0
UA05120170000013778,Хмільницька,42994,26916,0.6260408429083127
UA07020010000096841,Володимир-Волинська,41973,37910,0.903199675982179
UA07020030000052032,Затурцівська,8138,0,0
UA07020050000082369,Зимнівська,8396,0,0
UA07020070000082628,Іваничівська,9234,6260,0.6779293913796838
UA07020090000019505,Литовезька,4012,0,0
UA07020110000037373,Локачинська,13231,3698,0.2794951250850276
UA07020130000036300,Нововолинська,57394,54347,0.9469108269157055
UA07020150000092012,Оваднівська,5623,0,0
UA07020170000049971,Павлівська,8561,0,0
UA07020190000043658,Поромівська,5563,0,0
UA07020210000033081,Устилузька,7106,2060,0.2898958626512806
UA07040010000033507,Камінь-Каширська,53906,12477,0.23145846473490891
UA07040030000028082,Любешівська,30445,5702,0.18728855312859255
UA07040050000080830,Маневицька,27781,10657,0.38360750152982254
UA07040070000058434,Прилісненська,9110,0,0
UA07040090000043197,Сошичненська,9140,0,0
UA07060010000090019,Велимченська,3488,0,0
UA07060030000041840,Велицька,3873,0,0
UA07060050000091514,Вишнівська,8287,0,0
UA07060070000063773,Голобська,8326,3871,0.4649291376411242
UA07060090000026043,Головненська,8553,2926,0.3421021863673565
UA07060110000041168,Дубечненська,9688,0,0
UA07060130000030797,Дубівська,5062,0,0
UA07060150000038564,Заболоттівська,9115,4383,0.48085573230938017
UA07060170000059479,Забродівська,9794,0,0
UA07060190000036342,Ковельська,72820,67575,0.9279730843174951
UA07060210000030014,Колодяжненська,8057,0,0
UA07060230000029166,Луківська,5114,2998,0.5862338678138443
UA07060250000039902,Люблинецька,6247,4429,0.7089803105490635
UA07060270000021892,Любомльська,16027,10295,0.64235352842079
UA07060290000054842,Поворська,4308,0,0
UA07060310000037369,Ратнівська,21343,9577,0.4487185494072998
UA07060330000052414,Рівненська,5741,0,0
UA07060350000084520,Самарівська,5075,0,0
UA07060370000022360,Сереховичівська,3364,0,0
UA07060390000098670,Смідинська,4473,0,0
UA07060410000041366,Старовижівська,12230,5058,0.4135731807031889
UA07060430000041345,Турійська,19074,5808,0.3044982698961938
UA07060450000051170,Шацька,16245,5249,0.32311480455524777
UA07080010000062933,Берестечківська,10702,1630,0.15230797981685668
UA07080030000051738,Боратинська,14990,0,0
UA07080050000014573,Городищенська,8949,1208,0.13498714940216783
UA07080070000052255,Горохівська,28007,8925,0.3186703324168958
UA07080090000017614,Доросинівська,6581,0,0
UA07080110000043895,Ківерцівська,23422,13798,0.5891042609512425
UA07080130000017070,Колківська,22571,3974,0.1760666341765983
UA07080150000089103,Копачівська,6005,0,0
UA07080170000013585,Луцька,236322,217449,0.9201386244192247
UA07080190000072811,Мар’янівська,10712,2676,0.2498132935026139
UA07080210000090779,Олицька,11870,3032,0.25543386689132264
UA07080230000046097,Підгайцівська,17322,0,0
UA07080250000053335,Рожищенська,28161,14422,0.5121267000461631
UA07080270000067148,Торчинська,12034,4516,0.37527006814026925
UA07080290000088287,Цуманська,17791,6579,0.3697937159237817
UA12020010000033698,Дніпровська,971078,971078,1
UA12020030000073022,Китайгородська,3170,0,0
UA12020050000026654,Любимівська,3562,0,0
UA12020070000057092,Ляшківська,2040,0,0
UA12020090000044548,Миколаївська,6536,0,0
UA12020110000034205,Могилівська,5884,0,0
UA12020130000022909,Новоолександрівська,10497,0,0
UA12020150000050274,Новопокровська,7716,1715,0.22226542249870399
UA12020170000068526,Обухівська,11691,10269,0.8783679753656659
UA12020190000075117,Петриківська,22719,6878,0.30274219816013026
UA12020210000032285,Підгородненська,23142,19138,0.8269812462189957
UA12020230000085693,Святовасилівська,4949,0,0
UA12020250000010438,Слобожанська,23854,14661,0.6146139012324977
UA12020270000063450,Солонянська,23782,7380,0.3103187284500883
UA12020290000063321,Сурсько-Литовська,5701,0,0
UA12020310000017431,Царичанська,14227,7105,0.49940254445772125
UA12020330000076598,Чумаківська,4517,0,0
UA12040010000018960,Божедарівська,10420,2651,0.25441458733205374
UA12040030000066040,Верхівцівська,11781,9948,0.844410491469315
UA12040050000057182,Верхньодніпровська,36897,24631,0.667561048323712
UA12040070000083117,Вишнівська,4362,2255,0.5169646950939936
UA12040090000029346,Вільногірська,23361,22079,0.9451222122340653
UA12040110000091524,Жовтоводська,43496,42052,0.9668015449696524
UA12040130000037856,Затишнянська,3806,0,0
UA12040150000015189,Кам’янська,233701,233445,0.9989045832067471
UA12040170000019083,Криничанська,18714,7892,0.42171636208186386
UA12040190000056469,Лихівська,4708,1822,0.38700084961767206
UA12040210000039759,П’ятихатська,25367,18140,0.7151022982615208
UA12040230000099388,Саксаганська,6830,0,0
UA12060010000090992,Апостолівська,21827,13069,0.5987538369908828
UA12060030000081794,Вакулівська,2773,0,0
UA12060050000031212,Глеюватська,7500,0,0
UA12060070000012840,Гречаноподівська,4409,0,0
UA12060090000074553,Грушівська,6034,0,0
UA12060110000015305,Девладівська,5135,0,0
UA12060130000012028,Зеленодольська,18324,12692,0.6926435276140581
UA12060150000015198,Карпівська,5255,0,0
UA12060170000091033,Криворізька,606584,603904,0.9955818155440961
UA12060190000043514,Лозуватська,18464,1312,0.07105719237435008
UA12060210000077302,Нивотрудівська,4529,0,0
UA12060230000032833,Новолатівська,2450,0,0
UA12060250000064393,Новопільська,16312,3788,0.23222167729279058
UA12060270000017282,Софіївська,11824,6329,0.535267253044655
UA12060290000039013,Широківська,12514,9623,0.7689787438069362
UA12080010000029838,Марганецька,47688,45322,0.950385841301795
UA12080030000022466,Мирівська,6990,0,0
UA12080050000062712,Нікопольська,105160,105160,1
UA12080070000077032,Першотравневська,12099,0,0
UA12080090000039979,Покровська,42192,39124,0.927284793325749
UA12080110000055958,Покровська,10126,0,0
UA12080130000071360,Томаківська,14187,6559,0.46232466342426165
UA12080150000061416,Червоногригорівська,12304,6030,0.49008452535760727
UA12100010000093577,Губиниська,17914,5323,0.2971419001897957
UA12100030000084605,Личківська,5009,0,0
UA12100050000045992,Магдалинівська,21151,6119,0.2893007422816888
UA12100070000011492,Новомосковська,69855,69855,1
UA12100090000022751,Перещепинська,20393,9639,0.4726621880056882
UA12100110000043499,Піщанська,18391,3963,0.2154858354629982
UA12100130000095653,Черкаська,10141,10141,1
UA12100150000039396,Чернеччинська,4672,0,0
UA12120010000087180,Богданівська,9553,0,0
UA12120030000075687,Вербківська,7944,0,0
UA12120050000027007,Межиріцька,6676,0,0
UA12120070000057518,Павлоградська,101430,101430,1
UA12120090000031622,Тернівська,26976,26961,0.999443950177936
UA12120110000010894,Троїцька,3385,0,0
UA12120130000021632,Юр’ївська,10833,2126,0.19625219237515001
UA12140010000024967,Брагинівська,3804,0,0
UA12140030000091432,Васильківська,21574,12389,0.5742560489478076
UA12140050000051356,Великомихайлівська,3695,0,0
UA12140070000025486,Дубовиківська,8532,3630,0.42545710267229253
UA12140090000053443,Зайцівська,3334,0,0
UA12140110000060935,Іларіонівська,12779,9106,0.7125753188825417
UA12140130000052990,Маломихайлівська,8501,4547,0.534878249617692
UA12140150000054570,Межівська,14646,7988,0.5454048887068141
UA12140170000037152,Миколаївська,9545,0,0
UA12140190000047361,Новопавлівська,3814,0,0
UA12140210000089021,Першотравенська,27099,27099,1
UA12140230000057328,Петропавлівська,8325,6840,0.8216216216216217
UA12140250000015858,Покровська,19683,9489,0.48209114464258496
UA12140270000072109,Раївська,10265,0,0
UA12140290000032227,Роздорська,3006,1633,0.5432468396540253
UA12140310000078816,Синельниківська,29651,29651,1
UA12140330000063909,Славгородська,4948,2099,0.4242118027485853
UA12140350000058140,Слов’янська,3296,0,0
UA12140370000059352,Українська,2477,0,0
UA14020010000088496,Бахмутська,78939,71678,0.9080175831971522
UA14020030000023064,Званівська,2355,0,0
UA14020050000019803,Світлодарська,28727,24407,0.8496188254951788
UA14020070000070354,Сіверська,12994,10875,0.8369247344928429
UA14020090000073988,Соледарська,19313,10490,0.5431574587065707
UA14020110000075529,Торецька,65071,61994,0.9527131902076194
UA14020130000080900,Часовоярська,12876,12250,0.9513824168996583
UA14040010000017239,Великоновосілківська,18296,5235,0.2861281154350678
UA14040030000025138,Волноваська,35564,25728,0.7234281858058711
UA14040050000064688,Вугледарська,25445,14144,0.5558655924543132
UA14040070000032181,Комарська,6797,0,0
UA14040090000061195,Мирненська,11628,4159,0.35767113863089095
UA14040110000019914,Ольгинська,18773,16675,0.8882437543280243
UA14040130000068575,Старомлинівська,10567,0,0
UA14040150000099558,Хлібодарівська,11944,0,0
UA14060010000010738,Вуглегірська,17445,15763,0.9035826884494125
UA14060030000084305,Горлівська,256209,254305,0.9925685670682919
UA14060050000034979,Дебальцівська,25191,24209,0.9610178238259696
UA14060070000066382,Єнакієвська,104158,102951,0.9884118358647439
UA14060090000054042,Жданівська,14239,12591,0.8842615352201699
UA14060110000052135,Сніжнянська,73406,66660,0.9081001553006566
UA14060130000085167,Хрестівська,33182,27370,0.8248447953709843
UA14060150000032950,Чистяківська,77386,76292,0.9858630760085804
UA14060170000097532,Шахтарська,60853,56057,0.9211871230670633
UA14080010000095044,Амвросіївська,36967,21218,0.5739713798793519
UA14080030000053877,Донецька,926322,924770,0.9983245566876313
UA14080050000085820,Іловайська,22549,17007,0.7542241341079428
UA14080070000011977,Макіївська,376264,375361,0.9976000892990028
UA14080090000014360,Харцизька,84659,83118,0.9817975643463778
UA14080110000066209,Ясинуватська,37753,34144,0.9044049479511562
UA14100010000054669,Бойківська,13610,4219,0.30999265246142543
UA14100030000067479,Докучаєвська,31430,27348,0.8701240852688514
UA14100050000098906,Кальміуська,25389,11422,0.44987986923470796
UA14100070000079873,Новоазовська,26671,13620,0.510667016609801
UA14100090000050286,Старобешівська,23669,15040,0.6354303096877773
UA14120010000096882,Андріївська,2181,0,0
UA14120030000057882,Дружківська,65483,62061,0.9477421620878701
UA14120050000033910,Іллінівська,8697,0,0
UA14120070000090878,Костянтинівська,72422,67350,0.9299660324210876
UA14120090000098500,Краматорська,180922,179501,0.992145786582063
UA14120110000031497,Лиманська,40195,29976,0.7457643985570345
UA14120130000086767,Миколаївська,20568,17950,0.8727148969272657
UA14120150000071686,Новодонецька,10510,5597,0.5325404376784015
UA14120170000011133,Олександрівська,12056,3338,0.27687458526874587
UA14120190000021407,Святогірська,8718,4226,0.48474420738701535
UA14120210000056793,Слов’янська,113097,111781,0.9883639707507714
UA14120230000038918,Черкаська,8522,3151,0.369748885238207
UA14140010000044623,Кальчицька,9686,0,0
UA14140030000092230,Мангушська,20872,12431,0.5955825986968187
UA14140050000020560,Маріупольська,435176,431415,0.9913575197161608
UA14140070000060361,Нікольська,16740,7801,0.46600955794504184
UA14140090000015932,Сартанська,20435,13902,0.6803034010276486
UA14160010000086090,Авдіївська,32018,31392,0.9804484977200325
UA14160030000019136,Білозерська,15417,14634,0.9492119089316988
UA14160050000083011,Гродівська,9336,5062,0.5422022279348757
UA14160070000097326,Добропільська,42954,39106,0.9104157936397076
UA14160090000058463,Криворізька,3928,0,0
UA14160110000031920,Курахівська,38081,32174,0.8448832751240776
UA14160130000011561,Мар’їнська,33029,23755,0.7192164461533803
UA14160150000038750,Мирноградська,48046,46098,0.9594555217916164
UA14160170000023385,Новогродівська,19027,14410,0.7573448257739003
UA14160190000059231,Очеретинська,21022,7810,0.3715155551327181
UA14160210000011148,Покровська,81029,71631,0.8840168334793715
UA14160230000060952,Селидівська,34785,34165,0.9821762253845048
UA14160250000075646,Удачненська,3841,1633,0.4251497005988024
UA14160270000099007,Шахівська,3938,0,0
UA18020010000059904,Андрушівська,19530,8325,0.42626728110599077
UA18020030000035625,Бердичівська,74257,73046,0.9836917731661662
UA18020050000058053,Вчорайшенська,4997,0,0
UA18020070000083539,Гришковецька,9463,4099,0.43316073126915355
UA18020090000092001,Краснопільська,7406,2937,0.3965703483661896
UA18020110000026941,Райгородоцька,6898,0,0
UA18020130000096761,Ружинська,19416,4209,0.21677997527812115
UA18020150000084693,Семенівська,4991,0,0
UA18020170000036711,Червоненська,5362,2709,0.5052219321148825
UA18020190000022756,Швайківська,4099,0,0
UA18040010000031446,Андрушківська,3767,0,0
UA18040030000089649,Березівська,9026,0,0
UA18040050000049937,Брусилівська,13986,4627,0.3308308308308308
UA18040070000059677,Високівська,2303,0,0
UA18040090000077574,Вишевицька,3077,0,0
UA18040110000034222,Вільшанська,6327,0,0
UA18040130000075048,Волицька,5334,0,0
UA18040150000019024,Глибочицька,10829,0,0
UA18040170000089964,Городоцька,3597,3558,0.9891576313594662
UA18040190000029215,Житомирська,263237,261624,0.9938724419439516
UA18040210000044466,Квітнева,3981,0,0
UA18040230000036046,Корнинська,5336,1903,0.3566341829085457
UA18040250000068141,Коростишівська,29318,24129,0.8230097550992564
UA18040270000050167,Курненська,7802,0,0
UA18040290000063354,Любарська,25297,1990,0.07866545440170772
UA18040310000093693,Миропільська,6932,4469,0.6446912867859204
UA18040330000027310,Новоборівська,8150,5286,0.6485889570552147
UA18040350000040746,Новогуйвинська,23675,12613,0.5327560718057022
UA18040370000055940,Оліївська,8145,0,0
UA18040390000055900,Попільнянська,16071,5323,0.33121772136145855
UA18040410000025491,Потіївська,3359,0,0
UA18040430000080827,Пулинська,13809,5141,0.37229343181982766
UA18040450000079138,Радомишльська,25033,13685,0.5466783845324172
UA18040470000074046,Романівська,18355,8876,0.48357395804957776
UA18040490000014752,Станишівська,16766,0,0
UA18040510000013419,Старосілецька,4978,0,0
UA18040530000045696,Тетерівська,9610,0,0
UA18040550000062361,Харитонівська,1793,0,0
UA18040570000099817,Хорошівська,17575,7335,0.41735419630156473
UA18040590000064402,Черняхівська,19560,10884,0.556441717791411
UA18040610000049084,Чуднівська,19405,9259,0.47714506570471527
UA18060010000047628,Білокоровицька,5683,3607,0.63469998240366
UA18060030000039943,Гладковицька,4706,2326,0.49426264343391413
UA18060050000027575,Горщиківська,2718,0,0
UA18060070000095797,Іршанська,8913,6346,0.7119937170425221
UA18060090000061708,Коростенська,71498,61496,0.8601079750482531
UA18060110000061631,Лугинська,15104,4444,0.2942266949152542
UA18060130000061781,Малинська,36723,26516,0.7220542983961006
UA18060150000038188,Народицька,9282,2907,0.3131868131868132
UA18060170000069581,Овруцька,36374,15250,0.41925551217902896
UA18060190000071101,Олевська,34193,11166,0.32655806744070426
UA18060210000083283,Словечанська,10875,0,0
UA18060230000071114,Ушомирська,9382,0,0
UA18060250000078729,Чоповицька,5757,1770,0.30745179781136006
UA18080010000090720,Баранівська,24837,16002,0.6442807102307042
UA18080030000019784,Барашівська,6600,1078,0.16333333333333333
UA18080050000083590,Брониківська,7721,0,0
UA18080070000029133,Городницька,8113,5207,0.641809441636879
UA18080090000055832,Довбиська,8693,7870,0.9053261244679627
UA18080110000095378,Дубрівська,3661,0,0
UA18080130000032098,Ємільчинська,21095,6162,0.292107134392036
UA18080150000022496,Новоград-Волинська,61105,55086,0.9014974224695197
UA18080170000023999,Піщівська,3790,0,0
UA18080190000029932,Стриївська,4870,0,0
UA18080210000038722,Чижівська,6737,0,0
UA18080230000071226,Ярунська,7750,0,0
UA21020010000055068,Батівська,11971,2914,0.24342160220532955
UA21020030000019624,Берегівська,43779,23325,0.5327896936887548
UA21020050000065800,Великоберезька,6139,0,0
UA21020070000015036,Великобийганська,7530,0,0
UA21020090000083647,Вилоцька,14722,3117,0.211723950550197
UA21020110000091104,Виноградівська,63099,25317,0.4012266438453858
UA21020130000047547,Кам’янська,9378,0,0
UA21020150000043098,Королівська,22846,10385,0.4545653506084216
UA21020170000069101,Косоньська,7655,0,0
UA21020190000086409,Пийтерфолвівська,19577,0,0
UA21040010000055885,Великолучківська,21562,0,0
UA21040030000026359,Верхньокоропецька,7207,0,0
UA21040050000032164,Воловецька,8776,4961,0.5652917046490429
UA21040070000029344,Горондівська,9251,0,0
UA21040090000072363,Жденіївська,4661,1074,0.23042265608238574
UA21040110000099623,Івановецька,9227,0,0
UA21040130000019237,Кольчинська,9522,4198,0.44087376601554296
UA21040150000092428,Мукачівська,110037,85569,0.7776384307096704
UA21040170000092506,Неліпинська,5240,0,0
UA21040190000088960,Нижньоворітська,9825,0,0
UA21040210000079273,Полянська,13678,0,0
UA21040230000091606,Свалявська,27445,17068,0.6218983421388231
UA21040250000010914,Чинадіївська,14714,6688,0.454533097730053
UA21060010000011784,Богданська,10499,0,0
UA21060030000020114,Великобичківська,29375,12594,0.428731914893617
UA21060050000029937,Рахівська,23497,15536,0.661190790313657
UA21060070000049340,Ясінянська,18663,8565,0.4589294325671114
UA21080010000097427,Бедевлянська,6520,0,0
UA21080030000084057,Буштинська,25686,8444,0.32873939110799655
UA21080050000056542,Вільховецька,12393,0,0
UA21080070000025254,Дубівська,20295,9848,0.4852426706085243
UA21080090000024861,Нересницька,30464,0,0
UA21080110000054940,Солотвинська,34944,8391,0.24012706043956045
UA21080130000093757,Тересвянська,16582,7480,0.45109154504884813
UA21080150000014443,Тячівська,19378,8887,0.4586128599442667
UA21080170000093911,Углянська,10617,0,0
UA21080190000094580,Усть-Чорнянська,6877,1547,0.22495274102079396
UA21100010000070243,Баранинська,10784,0,0
UA21100030000089881,Великоберезнянська,9969,7713,0.7736984652422509
UA21100050000042361,Великодобронська,11536,0,0
UA21100070000018509,Дубриницько-Малоберезнянська,6655,0,0
UA21100090000012128,Костринська,5061,0,0
UA21100110000018765,Оноківська,6541,0,0
UA21100130000055002,Перечинська,12399,6477,0.5223808371642874
UA21100150000019483,Середнянська,14424,4361,0.30234331669439823
UA21100170000051803,Ставненська,6910,0,0
UA21100190000078736,Сюртівська,9457,0,0
UA21100210000026937,Тур’є-Реметівська,16057,0,0
UA21100230000083101,Ужгородська,115449,115449,1
UA21100250000028639,Холмківська,14348,0,0
UA21100270000015047,Чопська,15410,8626,0.5597663854639844
UA21120010000011654,Білківська,20571,0,0
UA21120030000076462,Вишківська,16017,8193,0.5115190110507586
UA21120050000055437,Горінчівська,12717,0,0
UA21120070000032447,Довжанська,16734,0,0
UA21120090000025804,Драгівська,13753,0,0
UA21120110000065395,Зарічанська,8302,0,0
UA21120130000025618,Іршавська,35732,9163,0.2564368073435576
UA21120150000079563,Керецьківська,14870,0,0
UA21120170000080579,Колочавська,8678,0,0
UA21120190000082169,Міжгірська,24696,9432,0.3819241982507289
UA21120210000094884,Пилипецька,7032,0,0
UA21120230000041982,Синевирська,6319,0,0
UA21120250000077532,Хустська,80424,28039,0.34863970953944096
UA23020010000034566,Андрівська,3193,0,0
UA23020030000059558,Андріївська,6863,2612,0.38059157802710186
UA23020050000046501,Бердянська,111070,106311,0.9571531466642658
UA23020070000049788,Берестівська,4380,0,0
UA23020090000069977,Коларівська,5489,0,0
UA23020110000062653,Осипенківська,7219,0,0
UA23020130000081044,Приморська,22332,11157,0.49959699086512627
UA23020150000063371,Чернігівська,15500,5500,0.3548387096774194
UA23040010000033945,Благовіщенська,6077,0,0
UA23040030000061166,Василівська,20563,12567,0.6111462335262364
UA23040050000076136,Великобілозерська,7404,0,0
UA23040070000097076,Водянська,11499,0,0
UA23040090000031823,Дніпрорудненська,18160,17736,0.9766519823788546
UA23040110000019947,Енергодарська,52237,52237,1
UA23040130000044084,Кам’янсько-Дніпровська,19607,12117,0.6179935737236701
UA23040150000063069,Малобілозерська,12189,0,0
UA23040170000022547,Михайлівська,18970,14547,0.7668423827095414
UA23040190000047410,Роздольська,6433,0,0
UA23040210000019462,Степногірська,8132,4294,0.5280373831775701
UA23060010000052992,Біленьківська,9636,0,0
UA23060030000037089,Вільнянська,16531,14324,0.8664932550964853
UA23060050000065959,Долинська,5615,0,0
UA23060070000082704,Запорізька,710052,710052,1
UA23060090000082326,Комишуваська,12450,5251,0.42176706827309235
UA23060110000049870,Кушугумська,16938,16938,1
UA23060130000058533,Матвіївська,6767,1117,0.16506576030737402
UA23060150000085288,Михайлівська,6317,0,0
UA23060170000046208,Михайло-Лукашівська,5370,0,0
UA23060190000080843,Новомиколаївська,11045,4983,0.45115436849253054
UA23060210000064233,Новоолександрівська,4791,0,0
UA23060230000071243,Павлівська,4563,0,0
UA23060250000058722,Петро-Михайлівська,4838,0,0
UA23060270000087706,Степненська,5354,0,0
UA23060290000024046,Таврійська,4113,0,0
UA23060310000081443,Тернуватська,3524,1250,0.3547105561861521
UA23060330000027462,Широківська,12962,0,0
UA23080010000036379,Веселівська,13468,9340,0.6934956934956935
UA23080030000064349,Кирилівська,6510,3416,0.524731182795699
UA23080050000095009,Костянтинівська,14178,0,0
UA23080070000068953,Мелітопольська,148851,148851,1
UA23080090000051553,Мирненська,5374,2859,0.5320059545962039
UA23080110000020314,Новенська,4958,0,0
UA23080130000083188,Новобогданівська,4900,0,0
UA23080150000073640,Нововасилівська,7485,2183,0.2916499665998664
UA23080170000033256,Новоуспенівська,3411,0,0
UA23080190000065134,Олександрівська,6018,0,0
UA23080210000060255,Плодородненська,3310,0,0
UA23080230000097340,Приазовська,11906,6295,0.5287250125986898
UA23080250000043914,Семенівська,9191,0,0
UA23080270000086363,Терпіннівська,8990,0,0
UA23080290000096336,Чкаловська,3084,0,0
UA23080310000097001,Якимівська,25004,11069,0.4426891697328427
UA23100010000094236,Більмацька,11195,6358,0.5679321125502457
UA23100030000016840,Воздвижівська,2693,0,0
UA23100050000041545,Воскресенська,5242,0,0
UA23100070000026535,Гуляйпільська,18506,13838,0.747757484059224
UA23100090000029171,Комиш-Зорянська,5850,2090,0.3572649572649573
UA23100110000028240,Малинівська,3133,0,0
UA23100130000058758,Малотокмачанська,2930,0,0
UA23100150000023366,Молочанська,11540,6099,0.5285095320623917
UA23100170000031289,Оріхівська,18155,13896,0.7654089782429083
UA23100190000020018,Пологівська,28939,18111,0.6258336500915719
UA23100210000086911,Преображенська,5233,0,0
UA23100230000021603,Розівська,7910,2939,0.3715549936788875
UA23100250000073490,Смирновська,3090,0,0
UA23100270000073418,Токмацька,36013,29573,0.821175686557632
UA23100290000069212,Федорівська,3212,0,0
UA26020010000096556,Білоберізька,8581,0,0
UA26020030000088465,Верховинська,19711,5773,0.2928821470245041
UA26020050000098694,Зеленська,1903,0,0
UA26040010000011271,Більшівцівська,7592,1843,0.2427555321390938
UA26040030000091528,Богородчанська,28219,8234,0.29178922002905844
UA26040050000080752,Букачівська,4728,1156,0.24450084602368866
UA26040070000065724,Бурштинська,24008,14737,0.6138370543152283
UA26040090000025932,Галицька,19475,6086,0.31250320924261876
UA26040110000023512,Дзвиняцька,8241,0,0
UA26040130000010870,Дубовецька,7264,0,0
UA26040150000053322,Єзупільська,7421,2753,0.37097426222881014
UA26040170000097347,Загвіздянська,5728,0,0
UA26040190000081578,Івано-Франківська,287550,238196,0.8283637628238567
UA26040210000094444,Лисецька,7304,2910,0.3984118291347207
UA26040230000035526,Обертинська,8841,2920,0.3302793801606153
UA26040250000061081,Олешанська,8741,0,0
UA26040270000047749,Рогатинська,31211,7521,0.24097273397199706
UA26040290000025886,Солотвинська,25848,3692,0.14283503559269575
UA26040310000066064,Старобогородчанська,5886,0,0
UA26040330000019235,Тисменицька,28241,8958,0.31719839949010303
UA26040350000024417,Тлумацька,27245,8689,0.3189209029179666
UA26040370000057019,Угринівська,3343,0,0
UA26040390000023006,Ямницька,9218,0,0
UA26060010000037638,Болехівська,19501,10259,0.5260755858673914
UA26060030000011364,Брошнів-Осадська,11039,5419,0.4908959144850077
UA26060050000042523,Верхнянська,10100,0,0
UA26060070000011203,Вигодська,18028,2257,0.12519414244508542
UA26060090000054411,Витвицька,5689,0,0
UA26060110000025739,Войнилівська,10277,2601,0.2530894229833609
UA26060130000047466,Долинська,48009,20417,0.4252744277114708
UA26060150000074921,Дубівська,6888,0,0
UA26060170000091466,Калуська,87203,65088,0.7463963395754734
UA26060190000099075,Новицька,13798,0,0
UA26060210000091421,Перегінська,23587,12681,0.5376266587527028
UA26060230000053464,Рожнятівська,19998,3873,0.19366936693669368
UA26060250000064599,Спаська,5750,0,0
UA26080010000036750,Гвіздецька,7039,1831,0.2601221764455178
UA26080030000014307,Городенківська,43620,8812,0.2020174232003668
UA26080050000081474,Заболотівська,19542,3914,0.2002865622761232
UA26080070000092582,Коломийська,74019,60821,0.8216944298085627
UA26080090000095729,Коршівська,8174,0,0
UA26080110000076323,Матеївецька,7924,0,0
UA26080130000058024,Нижньовербізька,13028,0,0
UA26080150000032640,Отинійська,19879,5341,0.26867548669450175
UA26080170000041182,Печеніжинська,16820,5197,0.30897740784780026
UA26080190000080618,Підгайчиківська,4869,0,0
UA26080210000049380,П’ядицька,10816,0,0
UA26080230000035462,Снятинська,40459,9718,0.24019377641563064
UA26080250000056546,Чернелицька,6439,1490,0.23140239167572604
UA26100010000076570,Косівська,32281,8351,0.2586970663857997
UA26100030000012148,Космацька,8056,0,0
UA26100050000019570,Кутська,15789,4001,0.2534042687947305
UA26100070000078132,Рожнівська,11891,0,0
UA26100090000038366,Яблунівська,15683,2044,0.13033220684817956
UA26120010000096774,Ворохтянська,5990,4207,0.7023372287145242
UA26120030000018265,Делятинська,21187,8213,0.3876433662151319
UA26120050000087602,Ланчинська,11067,7846,0.7089545495617602
UA26120070000067596,Надвірнянська,42927,22504,0.5242388240501317
UA26120090000072057,Пасічнянська,20726,4310,0.20795136543471968
UA26120110000086381,Переріслянська,9142,0,0
UA26120130000088448,Поляницька,4739,0,0
UA26120150000021671,Яремчанська,13550,7907,0.5835424354243542
UA32020010000093088,Білоцерківська,217385,209010,0.9614738827425995
UA32020030000029575,Володарська,15394,5708,0.37079381577237885
UA32020050000062595,Гребінківська,13417,7528,0.561079227845271
UA32020070000027895,Ковалівська,6455,0,0
UA32020090000022264,Маловільшанська,10457,0,0
UA32020110000085875,Медвинська,5418,0,0
UA32020130000010013,Рокитнянська,24822,10395,0.41878172588832485
UA32020150000040878,Сквирська,31180,15165,0.48636946760744065
UA32020170000020698,Ставищенська,20274,6056,0.29870770444904804
UA32020190000084133,Таращанська,25539,9689,0.37938055522925723
UA32020210000064694,Тетіївська,30192,12640,0.41865394806571277
UA32020230000012716,Узинська,20091,11921,0.5933502563336818
UA32020250000099079,Фурсівська,10548,0,0
UA32040010000010116,Бориспільська,81211,64117,0.7895112731033973
UA32040030000083910,Вороньківська,13808,0,0
UA32040050000077950,Гірська,6180,0,0
UA32040070000056247,Дівичківська,4368,0,0
UA32040090000083028,Золочівська,5852,0,0
UA32040110000047477,Переяславська,31645,26273,0.8302417443513983
UA32040130000049927,Пристолична,10996,0,0
UA32040150000073245,Студениківська,6965,0,0
UA32040170000034173,Ташанська,5309,0,0
UA32040190000043384,Циблівська,5939,0,0
UA32040210000086086,Яготинська,30881,18995,0.6151031378517535
UA32060010000086043,Баришівська,26803,10294,0.3840614856545909
UA32060030000048241,Березанська,21747,16047,0.7378948820526969
UA32060050000030591,Броварська,119872,109806,0.9160270955686065
UA32060070000092009,Великодимерська,30124,9418,0.3126410835214447
UA32060090000096236,Зазимська,9159,0,0
UA32060110000050416,Згурівська,15141,4868,0.321511128723334
UA32060130000095223,Калинівська,8408,3723,0.44279257849666986
UA32060150000031409,Калитянська,10523,4716,0.4481611707687922
UA32080010000060215,Білогородська,27047,0,0
UA32080030000070006,Бородянська,25921,12832,0.4950426295281818
UA32080050000052660,Борщагівська,23321,0,0
UA32080070000050759,Бучанська,58286,46955,0.8055965411934255
UA32080090000011038,Вишнева,49243,42983,0.8728753325345734
UA32080110000056605,Гостомельська,30306,18466,0.6093182868078928
UA32080130000056481,Дмитрівська,19114,0,0
UA32080150000035443,Ірпінська,73162,65167,0.8907219594871655
UA32080170000086616,Коцюбинська,17623,17623,1
UA32080190000081428,Макарівська,28189,10758,0.38163822767746286
UA32080210000074136,Немішаївська,15407,12931,0.8392938274810151
UA32080230000026180,Пісківська,7917,6712,0.8477958822786409
UA32100010000094393,Вишгородська,33988,33109,0.9741379310344828
UA32100030000066252,Димерська,20987,5592,0.2664506599323391
UA32100050000082904,Іванківська,28573,9993,0.3497357645329507
UA32100070000076283,Петрівська,11983,0,0
UA32100090000060111,Пірнівська,6754,0,0
UA32100110000030685,Поліська,5387,648,0.1202895860404678
UA32100130000093505,Славутицька,24464,24464,1
UA32120010000062762,Богуславська,25587,15789,0.617071168952984
UA32120030000030458,Васильківська,45125,37068,0.8214515235457064
UA32120050000067577,Кагарлицька,26565,13133,0.49437229437229435
UA32120070000050717,Козинська,5707,3536,0.6195899772209568
UA32120090000034281,Миронівська,31784,11103,0.3493267052605084
UA32120110000025177,Обухівська,42438,33287,0.7843677835901787
UA32120130000012946,Ржищівська,14288,7175,0.5021696528555432
UA32120150000062718,Українська,20589,16081,0.7810481324979358
UA32120170000094084,Феодосіївська,15126,0,0
UA32140010000049369,Бишівська,6225,0,0
UA32140030000074165,Боярська,53161,34394,0.6469780478170087
UA32140050000046018,Гатненська,9653,0,0
UA32140070000012102,Глевахівська,12935,8800,0.680324700425203
UA32140090000085800,Калинівська,16014,5166,0.32259273136005995
UA32140110000089620,Кожанська,8167,1907,0.23350067344190034
UA32140130000030648,Томашівська,4056,0,0
UA32140150000040954,Фастівська,62088,51183,0.8243621955933513
UA32140170000038368,Чабанівська,11796,5334,0.45218718209562564
UA35020010000028961,Благовіщенська,21052,5825,0.27669580087402623
UA35020030000022644,Вільшанська,10957,4526,0.413069270785799
UA35020050000014205,Гайворонська,24286,14010,0.5768755661698097
UA35020070000018243,Голованівська,15897,5646,0.3551613511983393
UA35020090000039429,Заваллівська,10738,5988,0.5576457440864221
UA35020110000013511,Надлацька,4142,0,0
UA35020130000045875,Новоархангельська,12161,5882,0.4836773291670093
UA35020150000027557,Перегонівська,4404,0,0
UA35020170000076448,Підвисоцька,6330,0,0
UA35020190000025203,Побузька,8836,5694,0.6444092349479402
UA35040010000022631,Аджамська,5851,0,0
UA35040030000074104,Бобринецька,11158,10396,0.9317081914321563
UA35040050000013889,Великосеверинівська,6045,0,0
UA35040070000034432,Гурівська,5471,0,0
UA35040090000082553,Дмитрівська,6316,0,0
UA35040110000055821,Долинська,26087,19316,0.7404454325909456
UA35040130000021732,Знам’янська,27602,26231,0.9503296862546192
UA35040150000097644,Катеринівська,5481,0,0
UA35040170000065192,Кетрисанівська,12689,0,0
UA35040190000012514,Компаніївська,14237,4323,0.3036454309194353
UA35040210000014072,Кропивницька,228007,228007,1
UA35040230000015609,Новгородківська,14256,5425,0.3805415263748597
UA35040250000048915,Олександрівська,24709,10230,0.41401918329353676
UA35040270000084621,Первозванівська,8398,0,0
UA35040290000046019,Соколівська,9946,0,0
UA35040310000035890,Суботцівська,11568,0,0
UA35040330000014430,Устинівська,11764,3233,0.27482148928935735
UA35060010000018331,Ганнівська,3473,0,0
UA35060030000099117,Глодоська,4057,0,0
UA35060050000025668,Добровеличківська,13173,5358,0.4067410612616716
UA35060070000071148,Злинська,5603,0,0
UA35060090000091976,Маловисківська,14828,9960,0.6717021850553008
UA35060110000056063,Мар’янівська,5051,0,0
UA35060130000087718,Новомиргородська,26239,13145,0.5009718358169137
UA35060150000073710,Новоукраїнська,19429,16080,0.8276288023058315
UA35060170000071056,Піщанобрідська,5868,0,0
UA35060190000079777,Помічнянська,9738,8608,0.8839597453275827
UA35060210000019042,Рівнянська,10033,0,0
UA35060230000086264,Смолінська,14614,9243,0.6324757082249898
UA35060250000057436,Тишківська,3736,0,0
UA35080010000032386,Великоандрусівська,7670,0,0
UA35080030000042560,Новопразька,8669,6266,0.7228053985465451
UA35080050000038829,Олександрійська,85307,80692,0.9459012742213417
UA35080070000016791,Онуфріївська,16626,8166,0.4911584265608084
UA35080090000078673,Пантаївська,5060,2536,0.5011857707509881
UA35080110000063919,Петрівська,22134,7639,0.3451251468329267
UA35080130000048304,Попельнастівська,8234,0,0
UA35080150000074379,Приютівська,12200,3045,0.24959016393442623
UA35080170000077673,Світловодська,53582,50388,0.9403904296218879
UA44020010000067642,Алчевська,182520,179616,0.9840894148586457
UA44020030000055937,Зимогір’ївська,37333,31212,0.836043178956955
UA44020050000061272,Кадіївська,215431,210950,0.9791998366066165
UA44040010000091230,Довжанська,116546,106645,0.9150464194395346
UA44040030000034083,Сорокинська,88919,75123,0.8448475578897648
UA44060010000059164,Луганська,440485,420389,0.9543775610974267
UA44060030000019360,Лутугинська,47273,38353,0.8113087809108793
UA44060050000028333,Молодогвардійська,39609,33120,0.8361735969097932
UA44080010000030435,Антрацитівська,93837,85229,0.9082664620565448
UA44080030000048115,Ровеньківська,65924,59427,0.9014471209271282
UA44080050000055882,Хрустальненська,134364,131373,0.9777395730999375
UA44100010000048313,Білокуракинська,14712,6349,0.431552474170745
UA44100030000094890,Коломийчиська,3138,0,0
UA44100050000027880,Красноріченська,7766,3755,0.48351789853206284
UA44100070000070448,Лозно-Олександрівська,4297,829,0.19292529671864092
UA44100090000087782,Нижньодуванська,5204,1902,0.3654880860876249
UA44100110000061602,Сватівська,25923,16145,0.6228060023916985
UA44100130000017965,Троїцька,15653,7144,0.4563981345428991
UA44120010000044132,Гірська,32495,30146,0.92771195568549
UA44120030000094047,Кремінська,21588,18116,0.8391699092088197
UA44120050000066819,Лисичанська,111716,109062,0.976243331304379
UA44120070000073915,Попаснянська,24593,22023,0.8954987191477249
UA44120090000062828,Рубіжанська,58824,55247,0.9391914864681082
UA44120110000010163,Сєвєродонецька,113323,107797,0.9512367304077725
UA44140010000036188,Біловодська,22253,7695,0.34579607243967103
UA44140030000070201,Білолуцька,9517,3695,0.3882526006094357
UA44140050000026566,Марківська,13756,5480,0.398371619656877
UA44140070000058445,Міловська,14496,5680,0.39183222958057395
UA44140090000072167,Новопсковська,22789,9392,0.41212865856334197
UA44140110000056578,Старобільська,27909,15947,0.5713927406929664
UA44140130000089782,Чмирівська,8907,0,0
UA44140150000072734,Шульгинська,4206,0,0
UA44160010000053248,Нижньотеплівська,7014,0,0
UA44160030000020916,Новоайдарська,20652,7773,0.3763800116211505
UA44160050000040019,Станично-Луганська,22786,12258,0.5379619064337752
UA44160070000013725,Широківська,6526,0,0
UA44160090000075695,Щастинська,20637,15988,0.7747250084799148
UA46020010000073886,Бориславська,38700,32473,0.8390956072351421
UA46020030000019252,Дрогобицька,120404,93882,0.7797249260821899
UA46020050000037271,Меденицька,18520,3292,0.17775377969762418
UA46020070000056149,Східницька,16237,5596,0.34464494672661206
UA46020090000057315,Трускавецька,39086,28287,0.7237118149721128
UA46040010000033885,Бродівська,39049,23134,0.5924351455863146
UA46040030000058332,Буська,29774,10080,0.33855041311211126
UA46040050000062043,Заболотцівська,6157,0,0
UA46040070000032075,Золочівська,48822,23912,0.4897791979025849
UA46040090000012087,Красненська,16752,6308,0.3765520534861509
UA46040110000093394,Підкамінська,11029,1895,0.17181974793725632
UA46040130000035029,Поморянська,7360,1272,0.17282608695652174
UA46060010000049728,Бібрська,16594,4535,0.27329155116307097
UA46060030000020652,Великолюбінська,9435,4528,0.479915209326974
UA46060050000016451,Глинянська,9547,2954,0.3094165706504661
UA46060070000047720,Городоцька,39526,16085,0.4069473258108587
UA46060090000017373,Давидівська,20615,0,0
UA46060110000011684,Добросинсько-Магерівська,16077,1959,0.12185109162157119
UA46060130000059055,Жовківська,34431,13852,0.40231187011704567
UA46060150000060045,Жовтанецька,10088,0,0
UA46060170000014754,Зимноводівська,19577,0,0
UA46060190000038354,Кам’янка-Бузька,21187,10397,0.49072544484825603
UA46060210000047788,Комарнівська,13688,3653,0.2668760958503799
UA46060230000093092,Куликівська,11604,4092,0.35263702171664946
UA46060250000025047,Львівська,777234,760119,0.9779796045978432
UA46060270000027170,Мурованська,9582,0,0
UA46060290000052876,Новояричівська,18475,5934,0.32119079837618403
UA46060310000086550,Оброшинська,7629,0,0
UA46060330000065074,Перемишлянська,23591,6415,0.27192573439023354
UA46060350000036006,Підберізцівська,8171,0,0
UA46060370000065608,Пустомитівська,15121,9372,0.6198002777594075
UA46060390000035967,Рава-Руська,25536,8494,0.33262844611528825
UA46060410000052681,Сокільницька,8416,0,0
UA46060430000091455,Солонківська,13340,0,0
UA46060450000037997,Щирецька,11655,5659,0.48554268554268554
UA46080010000010628,Бісковицька,17813,0,0
UA46080030000048662,Боринська,23141,1375,0.05941834838598159
UA46080050000015399,Добромильська,19618,5836,0.2974819043735345
UA46080070000035761,Новокалинівська,14128,5890,0.4169026047565119
UA46080090000029798,Ралівська,12926,0,0
UA46080110000050484,Рудківська,25083,5230,0.2085077542558705
UA46080130000077112,Самбірська,36659,34152,0.9316129736217573
UA46080150000050321,Старосамбірська,20931,7514,0.35898905929004826
UA46080170000064605,Стрілківська,14202,0,0
UA46080190000096121,Турківська,22328,6925,0.31014869222500896
UA46080210000051983,Хирівська,15067,4104,0.2723833543505675
UA46100010000066018,Гніздичівська,7059,3983,0.5642442272276527
UA46100030000016064,Грабовецько-Дулібівська,12046,0,0
UA46100050000053848,Жидачівська,17422,10353,0.5942486511307542
UA46100070000076013,Журавненська,11607,3302,0.28448350133540107
UA46100090000076723,Козівська,11327,0,0
UA46100110000018989,Миколаївська,32934,14498,0.44021376085504343
UA46100130000048262,Моршинська,14148,5562,0.3931297709923664
UA46100150000087495,Новороздільська,36598,30234,0.8261107164325919
UA46100170000077437,Розвадівська,11906,0,0
UA46100190000081766,Сколівська,20024,9325,0.46569117059528564
UA46100210000027970,Славська,14063,3537,0.2515110573846263
UA46100230000047305,Стрийська,98378,61768,0.6278639533228974
UA46100250000088835,Тростянецька,7891,0,0
UA46100270000094052,Ходорівська,24061,8954,0.37213748389509993
UA46120010000054878,Белзька,14466,3130,0.21636941794552744
UA46120030000069375,Великомостівська,15903,6286,0.3952713324529963
UA46120050000027080,Добротвірська,11260,6339,0.5629662522202487
UA46120070000071541,Лопатинська,12030,3259,0.270906068162926
UA46120090000051307,Радехівська,32895,9680,0.29426964584283327
UA46120110000062257,Сокальська,51397,23985,0.46666147829639865
UA46120130000026331,Червоноградська,88151,77829,0.8829054690247417
UA46140010000081849,Івано-Франківська,19582,6346,0.32407312838320906
UA46140030000023506,Мостиська,31700,9103,0.2871608832807571
UA46140050000054478,Новояворівська,51365,37317,0.726506375936922
UA46140070000010135,Судововишнянська,12668,6470,0.5107357120303126
UA46140090000079730,Шегинівська,10649,0,0
UA46140110000063568,Яворівська,51698,15892,0.3074006731401602
UA48020010000091496,Баштанська,21612,12180,0.5635757912270961
UA48020030000061219,Березнегуватська,18734,7259,0.3874773139745917
UA48020050000023194,Вільнозапорізька,5420,0,0
UA48020070000050731,Володимирівська,3292,0,0
UA48020090000069919,Горохівська,7134,0,0
UA48020110000020969,Інгульська,8275,0,0
UA48020130000080862,Казанківська,14488,6523,0.4502346769740475
UA48020150000051082,Новобузька,18078,14782,0.8176789467861489
UA48020170000082529,Привільненська,5568,0,0
UA48020190000083597,Снігурівська,22729,12045,0.5299397245809319
UA48020210000024814,Софіївська,5541,0,0
UA48020230000095751,Широківська,3363,0,0
UA48040010000016403,Братська,11761,4953,0.42113765836238415
UA48040030000013036,Бузька,5218,0,0
UA48040050000011284,Веселинівська,17414,7555,0.4338463305386471
UA48040070000056126,Вознесенська,34789,33442,0.9612808646411222
UA48040090000070960,Доманівська,14398,5728,0.39783303236560635
UA48040110000015580,Дорошівська,5349,0,0
UA48040130000074078,Єланецька,14379,4636,0.3224146324501008
UA48040150000011861,Мостівська,4367,0,0
UA48040170000057262,Новомар’ївська,4863,0,0
UA48040190000026236,Олександрівська,8897,5040,0.5664830841856806
UA48040210000049987,Прибужанівська,7551,0,0
UA48040230000012964,Прибузька,4931,0,0
UA48040250000044166,Южноукраїнська,41625,40714,0.9781141141141141
UA48060010000061913,Березанська,13492,4000,0.2964719833975689
UA48060030000055210,Веснянська,8584,0,0
UA48060050000074873,Воскресенська,14792,4659,0.31496755002704163
UA48060070000087404,Галицинівська,7385,0,0
UA48060090000097375,Коблівська,7670,0,0
UA48060110000055792,Костянтинівська,9522,0,0
UA48060130000035572,Куцурубська,7458,0,0
UA48060150000071713,Миколаївська,470011,470011,1
UA48060170000025778,Мішково-Погорілівська,7063,0,0
UA48060190000070297,Нечаянська,4176,0,0
UA48060210000081533,Новоодеська,17209,11510,0.6688360741472485
UA48060230000098265,Ольшанська,8942,3582,0.4005815253858197
UA48060250000061313,Очаківська,14346,13663,0.952390910358288
UA48060270000044708,Первомайська,9225,2638,0.28596205962059623
UA48060290000080246,Радсадівська,4060,0,0
UA48060310000084930,Степівська,8756,0,0
UA48060330000083035,Сухоєланецька,4743,0,0
UA48060350000011218,Чорноморська,5214,0,0
UA48060370000016130,Шевченківська,14184,0,0
UA48080010000048763,Арбузинська,10046,5954,0.5926737009755126
UA48080030000050927,Благодатненська,5580,0,0
UA48080050000053070,Врадіївська,16309,7986,0.4896682813170642
UA48080070000061107,Кам’яномостівська,7199,0,0
UA48080090000029942,Кривоозерська,23090,7262,0.31450844521437854
UA48080110000010732,Мигіївська,8087,0,0
UA48080130000028458,Первомайська,69256,64576,0.9324246274691002
UA48080150000083195,Синюхинобрідська,5646,0,0
UA51020010000012094,Андрієво-Іванівська,5156,0,0
UA51020030000095942,Березівська,16328,9428,0.5774130328270456
UA51020050000075980,Великобуялицька,5980,4435,0.7416387959866221
UA51020070000019684,Знам’янська,8311,1496,0.18000240644928409
UA51020090000073639,Іванівська,8034,2362,0.294000497883993
UA51020110000041005,Коноплянська,6245,0,0
UA51020130000060117,Курісовська,8379,0,0
UA51020150000090298,Миколаївська,7050,2575,0.36524822695035464
UA51020170000041393,Новокальчевська,3942,0,0
UA51020190000074479,Петровірівська,4776,0,0
UA51020210000019597,Раухівська,7750,2626,0.33883870967741936
UA51020230000068053,Розквітівська,4031,0,0
UA51020250000084082,Старомаяківська,4452,0,0
UA51020270000068435,Стрюківська,2744,0,0
UA51020290000017926,Чогодарівська,2057,0,0
UA51020310000020019,Ширяївська,9734,6326,0.649886994041504
UA51040010000016896,Білгород-Дністровська,47727,47727,1
UA51040030000095700,Дивізійська,5608,0,0
UA51040050000073907,Кароліно-Бугазька,4764,1972,0.4139378673383711
UA51040070000074000,Кулевчанська,5681,0,0
UA51040090000096249,Лиманська,4531,0,0
UA51040110000040346,Маразліївська,6581,0,0
UA51040130000049323,Мологівська,12922,0,0
UA51040150000087491,Петропавлівська,7677,0,0
UA51040170000036391,Плахтіївська,8177,0,0
UA51040190000058077,Саратська,16457,4159,0.25271920763201067
UA51040210000057879,Сергіївська,9317,5248,0.5632714393044972
UA51040230000018414,Старокозацька,18127,0,0
UA51040250000099866,Татарбунарська,23824,10836,0.4548354600402955
UA51040270000028361,Тузлівська,3468,0,0
UA51040290000011852,Успенівська,6976,0,0
UA51040310000071545,Шабівська,14781,0,0
UA51060010000033212,Арцизька,31102,14355,0.46154588129380747
UA51060030000044366,Болградська,25730,14818,0.5759036144578313
UA51060050000061243,Бородінська,16841,1484,0.08811828276230628
UA51060070000052726,Василівська,11403,0,0
UA51060090000014997,Городненська,14551,0,0
UA51060110000077844,Криничненська,4239,0,0
UA51060130000042133,Кубейська,9360,0,0
UA51060150000016544,Павлівська,5052,0,0
UA51060170000068967,Тарутинська,20675,10778,0.5213059250302298
UA51060190000067242,Теплицька,5424,0,0
UA51080010000087690,Вилківська,12612,7712,0.6114811290834127
UA51080030000048246,Ізмаїльська,69932,69932,1
UA51080050000022808,Кілійська,33158,18745,0.5653236021472948
UA51080070000040493,Ренійська,35156,17736,0.5044942541813631
UA51080090000065506,Саф’янівська,42091,0,0
UA51080110000079212,Суворовська,11796,4548,0.38555442522889116
UA51100010000023950,Авангардівська,20324,9990,0.4915370989962606
UA51100030000027628,Біляївська,22596,12355,0.5467781908302355
UA51100050000066202,Великодальницька,12269,0,0
UA51100070000063635,Великодолинська,16970,14012,0.8256923983500295
UA51100090000094901,Вигодянська,12106,0,0
UA51100110000098468,Визирська,9835,0,0
UA51100130000021533,Дальницька,14304,0,0
UA51100150000090671,Дачненська,10561,0,0
UA51100170000087238,Доброславська,15210,6791,0.446482577251808
UA51100190000060999,Красносільська,12898,0,0
UA51100210000074534,Маяківська,12433,0,0
UA51100230000045500,Нерубайська,12712,0,0
UA51100250000055079,Овідіопольська,15365,11407,0.7424015619915392
UA51100270000073549,Одеська,1010537,1010537,1
UA51100290000027993,Таїровська,14719,3981,0.2704667436646511
UA51100310000010196,Теплодарська,9958,9958,1
UA51100330000051757,Усатівська,15016,0,0
UA51100350000087099,Фонтанська,18170,0,0
UA51100370000040590,Чорноморська,70723,65478,0.9258374220550599
UA51100390000087217,Чорноморська,7905,7016,0.887539531941809
UA51100410000059549,Южненська,35276,32859,0.9314831613561628
UA51100430000081326,Яськівська,8603,0,0
UA51120010000025020,Ананьївська,21632,7626,0.3525332840236686
UA51120030000075494,Балтська,33252,17854,0.5369301094670997
UA51120050000071748,Долинська,3915,0,0
UA51120070000097161,Зеленогірська,7320,1417,0.1935792349726776
UA51120090000035170,Кодимська,24102,8404,0.34868475645174674
UA51120110000047677,Куяльницька,21319,0,0
UA51120130000064324,Любашівська,21125,8729,0.413207100591716
UA51120150000080138,Окнянська,19133,5089,0.2659802435582501
UA51120170000076247,Піщанська,5211,0,0
UA51120190000044451,Подільська,42657,39220,0.9194270576927586
UA51120210000054996,Савранська,17709,6074,0.342989440397538
UA51120230000084853,Слобідська,3411,2239,0.6564057461155086
UA51140010000090773,Великомихайлівська,13295,5303,0.39887175629936067
UA51140030000062458,Великоплосківська,4900,0,0
UA51140050000054980,Затишанська,6477,3488,0.5385209201790953
UA51140070000052649,Захарівська,13001,5142,0.39550803784324284
UA51140090000048720,Лиманська,14159,7119,0.5027897450384914
UA51140110000053825,Новоборисівська,5238,0,0
UA51140130000082333,Роздільнянська,32552,17441,0.5357888916195626
UA51140150000095416,Степанівська,6928,0,0
UA51140170000019764,Цебриківська,4857,2709,0.55775169857937
UA53020010000035494,Глобинська,24830,8955,0.3606524365686669
UA53020030000081709,Горішньоплавнівська,54721,49854,0.9110579119533634
UA53020050000041411,Градизька,14960,5962,0.3985294117647059
UA53020070000049284,Кам’янопотоківська,10879,0,0
UA53020090000045206,Козельщинська,13506,3464,0.2564786021027691
UA53020110000092487,Кременчуцька,218132,215271,0.9868840885335485
UA53020130000091122,Новогалещинська,4631,2124,0.4586482401209242
UA53020150000098867,Оболонська,5758,0,0
UA53020170000049108,Омельницька,4824,0,0
UA53020190000090557,Піщанська,14918,0,0
UA53020210000023587,Пришибська,2897,0,0
UA53020230000086353,Семенівська,17144,5776,0.3369108726084928
UA53040010000091190,Гребінківська,21003,10541,0.5018806837118507
UA53040030000088898,Лубенська,67483,44089,0.6533349139783353
UA53040050000091161,Новооржицька,9825,1689,0.17190839694656487
UA53040070000083099,Оржицька,15154,3378,0.22291144252342615
UA53040090000048649,Пирятинська,29711,14988,0.504459627747299
UA53040110000034949,Хорольська,31622,12540,0.3965593574093985
UA53040130000097690,Чорнухинська,9818,2384,0.2428193114687309
UA53060010000060316,Білоцерківська,5161,0,0
UA53060030000045288,Великобагачанська,10952,5261,0.4803688823959094
UA53060050000024229,Великобудищанська,6862,0,0
UA53060070000077527,Великосорочинська,7094,0,0
UA53060090000098426,Гадяцька,26571,22851,0.8599977418990629
UA53060110000084138,Гоголівська,5306,2465,0.4645684131172258
UA53060130000040567,Заводська,11127,7712,0.6930888828974566
UA53060150000093603,Комишнянська,8132,1954,0.24028529267092966
UA53060170000064030,Краснолуцька,3978,0,0
UA53060190000015369,Лохвицька,21840,11014,0.5043040293040293
UA53060210000044776,Лютенська,5037,0,0
UA53060230000098362,Миргородська,48788,37886,0.7765434123145035
UA53060250000043118,Петрівсько-Роменська,4111,0,0
UA53060270000016329,Ромоданівська,4823,2669,0.5533900062201949
UA53060290000047345,Сенчанська,7526,0,0
UA53060310000047988,Сергіївська,2661,0,0
UA53060330000036503,Шишацька,18107,4242,0.23427403766499144
UA53080010000088479,Білицька,11360,4736,0.4169014084507042
UA53080030000061078,Великорублівська,4382,0,0
UA53080050000011754,Диканська,17729,7427,0.4189181566924248
UA53080070000036333,Драбинівська,4077,0,0
UA53080090000014431,Зіньківська,23674,9168,0.387260285545324
UA53080110000062015,Карлівська,20292,14045,0.6921446875616006
UA53080130000014699,Кобеляцька,25631,9465,0.36927938824080214
UA53080150000085889,Коломацька,4904,0,0
UA53080170000047487,Котелевська,14169,11778,0.8312513233114546
UA53080190000081150,Ланнівська,7058,0,0
UA53080210000072644,Мартинівська,4555,0,0
UA53080230000047239,Мачухівська,7882,0,0
UA53080250000097618,Машівська,11711,3548,0.30296302621467
UA53080270000062586,Михайлівська,5760,0,0
UA53080290000024637,Нехворощанська,4941,0,0
UA53080310000072384,Новосанжарська,21826,7902,0.362045267112618
UA53080330000062155,Новоселівська,6293,0,0
UA53080350000070563,Опішнянська,8133,5111,0.628427394565351
UA53080370000025447,Полтавська,305539,279593,0.9150812171277644
UA53080390000027656,Решетилівська,25784,9021,0.3498681352776916
UA53080410000094938,Скороходівська,8700,3193,0.36701149425287355
UA53080430000085474,Терешківська,11994,0,0
UA53080450000087891,Чутівська,12932,6024,0.4658212186823384
UA53080470000053547,Щербанівська,13065,0,0
UA56020010000027956,Антонівська,5697,0,0
UA56020030000068439,Вараська,52498,41711,0.7945255057335517
UA56020050000087443,Володимирецька,26370,9315,0.3532423208191126
UA56020070000060676,Зарічненська,28589,7336,0.2566021896533632
UA56020090000066575,Каноницька,6188,0,0
UA56020110000024586,Локницька,5878,0,0
UA56020130000066130,Полицька,5672,0,0
UA56020150000079107,Рафалівська,7226,3434,0.47522834209797954
UA56040010000048910,Бокіймівська,5387,0,0
UA56040030000031906,Боремельська,3117,0,0
UA56040050000074861,Варковицька,5323,0,0
UA56040070000046270,Вербська,4481,0,0
UA56040090000093293,Демидівська,11853,2440,0.20585505779127647
UA56040110000061997,Дубенська,36901,36901,1
UA56040130000011543,Козинська,7171,0,0
UA56040150000039275,Крупецька,8863,0,0
UA56040170000050651,Мирогощанська,6695,0,0
UA56040190000045841,Млинівська,19475,8036,0.4126315789473684
UA56040210000047101,Острожецька,5743,0,0
UA56040230000032182,Підлозцівська,1814,0,0
UA56040250000064519,Повчанська,2820,0,0
UA56040270000014394,Привільненська,5464,0,0
UA56040290000025511,Радивилівська,18522,10427,0.5629521649929813
UA56040310000052028,Семидубська,4402,0,0
UA56040330000091100,Смизька,7366,2560,0.34754276405104534
UA56040350000014945,Тараканівська,7844,0,0
UA56040370000063056,Ярославицька,2670,0,0
UA56060010000018261,Бабинська,6890,0,0
UA56060030000057923,Березнівська,50917,13126,0.25779209301412104
UA56060050000010769,Білокриницька,9773,0,0
UA56060070000034529,Бугринська,4096,0,0
UA56060090000066065,Великомежиріцька,7847,0,0
UA56060110000087064,Великоомелянська,3715,0,0
UA56060130000072276,Головинська,7073,0,0
UA56060150000079268,Городоцька,10597,0,0
UA56060170000073171,Гощанська,22783,5260,0.23087389720405566
UA56060190000073111,Деражненська,6208,0,0
UA56060210000017052,Дядьковицька,5769,0,0
UA56060230000076543,Здовбицька,9883,0,0
UA56060250000052338,Здолбунівська,31349,24501,0.7815560304953906
UA56060270000047362,Зорянська,13318,0,0
UA56060290000044465,Клеванська,13669,11423,0.8356865900943742
UA56060310000066585,Корецька,24160,6914,0.2861754966887417
UA56060330000075139,Корнинська,7397,0,0
UA56060350000045909,Костопільська,43748,30838,0.7049007954649356
UA56060370000023028,Малинська,5583,0,0
UA56060390000090915,Малолюбашанська,5617,0,0
UA56060410000055190,Мізоцька,14030,3329,0.23727726300784036
UA56060430000081857,Олександрійська,9745,0,0
UA56060450000083945,Острозька,42222,14894,0.3527544881815167
UA56060470000086729,Рівненська,251948,251948,1
UA56060490000031684,Соснівська,6709,1925,0.2869280071545685
UA56060510000062151,Шпанівська,10497,0,0
UA56080010000083302,Березівська,12023,0,0
UA56080030000069650,Вирівська,12858,0,0
UA56080050000068593,Висоцька,5694,0,0
UA56080070000040721,Дубровицька,34609,9343,0.2699586812678783
UA56080090000098391,Клесівська,10459,4566,0.43656181279281003
UA56080110000056503,Миляцька,6164,0,0
UA56080130000056682,Немовицька,11256,0,0
UA56080150000069525,Рокитнівська,39387,8927,0.22664838652347222
UA56080170000055864,Сарненська,65725,28626,0.4355420311905668
UA56080190000032614,Старосільська,6952,0,0
UA56080210000074337,Степанська,7085,4062,0.5733239237826394
UA59020010000024157,Бочечківська,4287,0,0
UA59020030000072865,Буринська,19678,8197,0.4165565606260799
UA59020050000012539,Дубов’язівська,9733,2282,0.2344600842494606
UA59020070000032449,Конотопська,87403,83543,0.9558367561754173
UA59020090000085438,Кролевецька,35033,22111,0.6311477749550424
UA59020110000066430,Новослобідська,4890,0,0
UA59020130000060377,Попівська,13026,0,0
UA59020150000078955,Путивльська,20358,14886,0.731211317418214
UA59040010000075530,Боромлянська,4920,0,0
UA59040030000060142,Великописарівська,10009,3928,0.3924467978819063
UA59040050000033127,Грунська,5271,0,0
UA59040070000045520,Кириківська,6064,2601,0.42892480211081796
UA59040090000041737,Комишанська,2988,0,0
UA59040110000026694,Охтирська,47642,46660,0.9793879350153226
UA59040130000041676,Тростянецька,28107,19544,0.6953427971679653
UA59040150000076482,Чернеччинська,9576,0,0
UA59040170000054314,Чупахівська,5530,2164,0.3913200723327306
UA59060010000042952,Андріяшівська,8368,0,0
UA59060030000069916,Вільшанська,4521,0,0
UA59060050000060884,Коровинська,3631,0,0
UA59060070000040784,Липоводолинська,12499,4991,0.39931194495559647
UA59060090000012687,Недригайлівська,13946,8052,0.5773698551556001
UA59060110000049734,Роменська,54264,37765,0.6959494324045408
UA59060130000041204,Синівська,4575,0,0
UA59060150000055022,Хмелівська,5705,0,0
UA59080010000078468,Бездрицька,3425,0,0
UA59080030000075526,Білопільська,22579,15600,0.6909074804021436
UA59080050000061215,Верхньосироватська,6018,0,0
UA59080070000062635,Ворожбянська,8114,6674,0.8225289622874045
UA59080090000092991,Краснопільська,20421,9606,0.47039811958278244
UA59080110000034361,Лебединська,41421,23892,0.5768088650684435
UA59080130000022249,Миколаївська,11970,6349,0.5304093567251462
UA59080150000013842,Миколаївська,6685,0,0
UA59080170000056499,Миропільська,4172,0,0
UA59080190000095280,Нижньосироватська,5782,0,0
UA59080210000075243,Річківська,4065,0,0
UA59080230000084731,Садівська,10000,2699,0.2699
UA59080250000082875,Степанівська,10787,5301,0.4914248632613331
UA59080270000073662,Сумська,267046,256474,0.9604113149045482
UA59080290000021284,Хотінська,6096,2290,0.37565616797900264
UA59080310000049988,Юнаківська,5735,0,0
UA59100010000064812,Березівська,4764,0,0
UA59100030000078744,Глухівська,37931,31789,0.838074398249453
UA59100050000059594,Дружбівська,5295,4504,0.8506137865911237
UA59100070000019079,Есманьська,5429,1293,0.23816540799410574
UA59100090000041284,Зноб-Новгородська,4690,1830,0.39019189765458423
UA59100110000012703,Свеська,8282,6186,0.7469210335667713
UA59100130000041016,Середино-Будська,10308,6888,0.6682188591385332
UA59100150000074932,Шалигинська,4131,2226,0.5388525780682644
UA59100170000093676,Шосткинська,90591,78526,0.8668189996798799
UA59100190000010734,Ямпільська,8011,4324,0.539757832979653
UA61020010000028670,Борсуківська,6235,0,0
UA61020030000060484,Великодедеркальська,6228,0,0
UA61020050000098539,Вишнівецька,17267,3179,0.18410841489546534
UA61020070000092368,Кременецька,41611,20476,0.49208142077815964
UA61020090000020422,Лановецька,21442,8215,0.38312657401361816
UA61020110000084342,Лопушненська,5110,0,0
UA61020130000037505,Почаївська,17704,7633,0.4311455038409399
UA61020150000036935,Шумська,24466,5300,0.21662715605329846
UA61040010000042862,Байковецька,12054,0,0
UA61040030000060956,Бережанська,26259,17139,0.6526905061121901
UA61040050000096355,Білецька,10735,0,0
UA61040070000079091,Великоберезовицька,23086,8592,0.37217361171272634
UA61040090000047241,Великобірківська,5944,3375,0.5677994616419919
UA61040110000010646,Великогаївська,11133,0,0
UA61040130000085402,Залозецька,10402,2498,0.24014612574504904
UA61040150000098181,Збаразька,38415,13346,0.3474163738123129
UA61040170000086062,Зборівська,19017,6621,0.3481621706893832
UA61040190000027979,Золотниківська,7498,0,0
UA61040210000084270,Іванівська,4024,0,0
UA61040230000060213,Козівська,24732,8750,0.3537926572861071
UA61040250000021345,Козлівська,4351,1758,0.4040450471156056
UA61040270000064661,Купчинецька,3759,0,0
UA61040290000047781,Микулинецька,16974,5422,0.3194297160362908
UA61040310000059301,Нараївська,6656,0,0
UA61040330000096161,Озернянська,6980,0,0
UA61040350000078247,Підволочиська,18356,7632,0.41577685770320333
UA61040370000060170,Підгаєцька,16236,2609,0.16069228874106922
UA61040390000066619,Підгороднянська,7278,0,0
UA61040410000065219,Саранчуківська,6308,0,0
UA61040430000018305,Скалатська,13143,3739,0.284486038195237
UA61040450000064468,Скориківська,8105,0,0
UA61040470000038207,Теребовлянська,30293,13226,0.4366025154326082
UA61040490000035010,Тернопільська,227619,225004,0.9885115038726996
UA61060010000070653,Білобожницька,10642,0,0
UA61060030000070527,Більче-Золотецька,3918,0,0
UA61060050000068464,Борщівська,28717,10632,0.37023365950482295
UA61060070000098188,Бучацька,37323,12171,0.3260991881681537
UA61060090000060396,Васильковецька,7941,0,0
UA61060110000078824,Гримайлівська,9334,1753,0.1878080137133062
UA61060130000045755,Гусятинська,15413,7034,0.4563680010380847
UA61060150000032895,Заводська,6758,3300,0.48831015093222846
UA61060170000051011,Заліщицька,26607,8928,0.3355507949035968
UA61060190000016283,Золотопотіцька,15076,2360,0.15654019633855135
UA61060210000021722,Іване-Пустенська,4754,0,0
UA61060230000067504,Колиндянська,6488,0,0
UA61060250000062700,Копичинецька,12959,6502,0.501736245080639
UA61060270000084790,Коропецька,5872,3008,0.5122615803814714
UA61060290000038953,Мельнице-Подільська,16295,3596,0.22068119054924823
UA61060310000061998,Монастириська,19025,5380,0.28278580814717474
UA61060330000041227,Нагірянська,8478,0,0
UA61060350000024021,Скала-Подільська,10062,4094,0.40687736036573247
UA61060370000081851,Товстенська,18074,3156,0.17461546973553171
UA61060390000013361,Трибухівська,8627,0,0
UA61060410000092242,Хоростківська,13537,6652,0.49139395730220875
UA61060430000094264,Чортківська,36393,28279,0.7770450361333223
UA63020010000079018,Богодухівська,36348,17791,0.489462969076703
UA63020030000094096,Валківська,29804,13252,0.4446383035834116
UA63020050000045982,Золочівська,23696,7744,0.32680621201890614
UA63020070000090466,Коломацька,6399,2619,0.4092827004219409
UA63020090000096294,Краснокутська,26040,7164,0.2751152073732719
UA63040010000010092,Балаклійська,44548,26334,0.5911376492771842
UA63040030000052515,Барвінківська,19092,7840,0.4106432013408758
UA63040050000042831,Борівська,15335,5055,0.3296380828170851
UA63040070000092606,Донецька,22236,16822,0.7565209570066559
UA63040090000021240,Ізюмська,48072,44979,0.9356590114827759
UA63040110000053205,Куньєвська,4327,0,0
UA63040130000098894,Оскільська,8310,0,0
UA63040150000053402,Савинська,10200,5182,0.5080392156862745
UA63060010000015783,Зачепилівська,13999,3317,0.23694549610686477
UA63060030000041642,Кегичівська,19633,8233,0.41934498039015944
UA63060050000033240,Красноградська,30691,19674,0.6410348310579649
UA63060070000031032,Наталинська,10964,0,0
UA63060090000041888,Сахновщинська,19453,6900,0.35470107438441373
UA63060110000043554,Старовірівська,9116,0,0
UA63080010000040281,Великобурлуцька,14440,3614,0.2502770083102493
UA63080030000019649,Вільхуватська,5962,1928,0.32338141563233813
UA63080050000048455,Дворічанська,15831,3290,0.20782009980418167
UA63080070000080622,Кіндрашівська,5875,0,0
UA63080090000067457,Куп’янська,54431,52799,0.9700170858518123
UA63080110000021737,Курилівська,9507,0,0
UA63080130000077600,Петропавлівська,5106,0,0
UA63080150000094794,Шевченківська,18959,6627,0.34954375230761114
UA63100010000016136,Біляївська,5531,0,0
UA63100030000050119,Близнюківська,17094,3467,0.20281970281970282
UA63100050000079487,Лозівська,87724,69460,0.7918015594364142
UA63100070000048302,Олексіївська,6932,0,0
UA63100090000052019,Первомайська,30080,28510,0.9478058510638298
UA63120010000021682,Безлюдівська,23375,18760,0.8025668449197861
UA63120030000035245,Височанська,26703,25238,0.9451372504961989
UA63120050000019867,Вільхівська,12030,2972,0.24704904405652536
UA63120070000018741,Дергачівська,42823,29821,0.6963781145646031
UA63120090000046130,Липецька,13165,0,0
UA63120110000043456,Люботинська,26669,20666,0.7749071956203832
UA63120130000010762,Малоданилівська,13158,8085,0.6144550843593252
UA63120150000086206,Мереф’янська,25286,22347,0.8837696749189274
UA63120170000093573,Нововодолазька,21484,10976,0.5108918264755167
UA63120190000093717,Південноміська,13715,13148,0.9586584032081662
UA63120210000075842,Пісочинська,32490,30021,0.9240073868882733
UA63120230000080742,Роганська,13371,3262,0.24396081070974496
UA63120250000081463,Солоницівська,34942,26858,0.7686451834468548
UA63120270000028556,Харківська,1421125,1421125,1
UA63120290000021734,Циркунівська,8713,0,0
UA63140010000049419,Вовчанська,35642,22699,0.6368610066775153
UA63140030000091352,Зміївська,40563,17406,0.42911027290880854
UA63140050000096783,Малинівська,8926,7428,0.8321756665919785
UA63140070000015310,Новопокровська,16301,12145,0.7450463161769216
UA63140090000052369,Печенізька,9278,4957,0.5342746281526191
UA63140110000087562,Слобожанська,26399,13675,0.5180120459108299
UA63140130000029212,Старосалтівська,7424,3329,0.44841056034482757
UA63140150000093944,Чкаловська,11682,3664,0.31364492381441533
UA63140170000087785,Чугуївська,37962,33934,0.8938938938938938
UA65020010000060480,Бериславська,17725,11895,0.6710860366713681
UA65020030000094118,Борозенська,3597,0,0
UA65020050000086746,Великоолександрівська,15901,7806,0.49091252122508017
UA65020070000029027,Високопільська,10767,5532,0.513792142658122
UA65020090000016354,Калинівська,3341,1057,0.3163723436096977
UA65020110000081240,Кочубеївська,2844,0,0
UA65020130000012731,Милівська,6673,0,0
UA65020150000047137,Нововоронцовська,12097,5951,0.4919401504505249
UA65020170000056973,Новоолександрівська,5837,0,0
UA65020190000013272,Новорайська,5714,0,0
UA65020210000085773,Тягинська,9607,0,0
UA65040010000061104,Генічеська,56986,32402,0.5685957954585337
UA65040030000056170,Іванівська,12787,4329,0.3385469617580355
UA65040050000029613,Нижньосірогозька,14469,4451,0.3076231944156472
UA65040070000086673,Новотроїцька,33817,14603,0.43182423041665435
UA65060010000033335,Асканія-Нова,6200,2501,0.40338709677419354
UA65060030000075716,Великолепетиська,11577,7707,0.665716506867064
UA65060050000022914,Верхньорогачицька,10890,5117,0.469880624426079
UA65060070000037346,Горностаївська,14669,6290,0.42879541891062783
UA65060090000037720,Зеленопідська,8080,0,0
UA65060110000017055,Каховська,42305,34749,0.8213922704172084
UA65060130000026961,Костянтинівська,3851,0,0
UA65060150000054200,Любимівська,7474,5449,0.7290607439122291
UA65060170000032937,Новокаховська,58891,52010,0.8831570188993225
UA65060190000091058,Присиваська,4749,0,0
UA65060210000049771,Рубанівська,3868,0,0
UA65060230000076026,Тавричанська,4843,0,0
UA65060250000073379,Таврійська,16755,10108,0.603282602208296
UA65060270000020124,Хрестівська,5318,0,0
UA65060290000041992,Чаплинська,16988,9415,0.554214739816341
UA65080010000062554,Бехтерська,10210,0,0
UA65080030000058401,Голопристанська,33569,13544,0.40346748488188505
UA65080050000077041,Долматівська,4502,0,0
UA65080070000011930,Каланчацька,16760,8977,0.5356205250596658
UA65080090000034188,Лазурненська,6450,3082,0.47782945736434107
UA65080110000032706,Мирненська,3721,1800,0.48374092985756517
UA65080130000090391,Новомиколаївська,5847,0,0
UA65080150000042499,Скадовська,34171,16969,0.4965906763044687
UA65080170000067222,Чулаківська,7515,0,0
UA65100010000048953,Білозерська,21681,9258,0.42700982427009826
UA65100030000028786,Великокопанівська,6811,0,0
UA65100050000017921,Виноградівська,11903,4130,0.3469713517600605
UA65100070000064512,Дар’ївська,13754,0,0
UA65100090000097337,Музиківська,3652,0,0
UA65100110000015344,Олешківська,37899,24124,0.6365339454866883
UA65100130000084882,Станіславська,9825,0,0
UA65100150000057191,Херсонська,317752,305239,0.9606202321307183
UA65100170000014054,Чорнобаївська,14777,0,0
UA65100190000073217,Ювілейна,12179,6585,0.5406847852861483
UA68020010000017180,Гуківська,2601,0,0
UA68020030000032574,Гуменецька,12464,0,0
UA68020050000040518,Дунаєвецька,35458,15707,0.44297478707202886
UA68020070000084437,Жванецька,7914,0,0
UA68020090000037732,Закупненська,7084,1360,0.1919819311123659
UA68020110000071202,Кам’янець-Подільська,107879,96896,0.8981914923200993
UA68020130000052994,Китайгородська,4157,0,0
UA68020150000089666,Маківська,6543,0,0
UA68020170000033495,Новодунаєвецька,9792,2297,0.23457924836601307
UA68020190000052031,Новоушицька,25953,3880,0.14950102107656146
UA68020210000024765,Орининська,8220,0,0
UA68020230000069135,Слобідсько-Кульчієвецька,11975,0,0
UA68020250000080044,Смотрицька,6070,1739,0.28649093904448103
UA68020270000040572,Староушицька,6870,2057,0.29941775836972345
UA68020290000026103,Чемеровецька,26809,5088,0.18978701182438734
UA68040010000025276,Антонінська,10109,2111,0.20882382035809674
UA68040030000027335,Війтовецька,7802,811,0.10394770571648296
UA68040050000052367,Віньковецька,18227,5997,0.32901739178142314
UA68040070000035730,Вовковинецька,6008,2367,0.39397470039946736
UA68040090000087566,Волочиська,33679,18295,0.5432168413551471
UA68040110000011931,Гвардійська,7476,0,0
UA68040130000024471,Городоцька,34276,15633,0.45609172598903025
UA68040150000077185,Деражнянська,22903,11272,0.49216259878618523
UA68040170000061140,Заслучненська,4206,0,0
UA68040190000021840,Зіньківська,3656,0,0
UA68040210000089917,Красилівська,29150,18356,0.6297084048027444
UA68040230000081901,Летичівська,18400,10074,0.5475
UA68040250000053378,Лісовогринівецька,7558,0,0
UA68040270000072985,Меджибізька,7264,1237,0.17029185022026433
UA68040290000010822,Миролюбненська,3999,0,0
UA68040310000052042,Наркевицька,5822,1457,0.25025764342150464
UA68040330000086970,Розсошанська,11250,0,0
UA68040350000083350,Сатанівська,9778,2341,0.23941501329515238
UA68040370000082743,Солобковецька,3896,0,0
UA68040390000011141,Старокостянтинівська,50891,33921,0.6665422176809259
UA68040410000062890,Староостропільська,5588,0,0
UA68040430000052699,Старосинявська,18378,5084,0.2766351071933834
UA68040450000097735,Теофіпольська,24511,7745,0.3159805801476888
UA68040470000053519,Хмельницька,292889,274452,0.9370512378409568
UA68040490000093353,Чорноострівська,12225,902,0.07378323108384457
UA68040510000019366,Щиборівська,3778,0,0
UA68040530000044109,Ярмолинецька,18586,7122,0.38319164962875285
UA68060010000056690,Берездівська,8163,0,0
UA68060030000077318,Білогірська,18757,5089,0.2713120435037586
UA68060050000037587,Ганнопільська,5951,0,0
UA68060070000048275,Грицівська,6872,3416,0.4970896391152503
UA68060090000093924,Ізяславська,28872,15996,0.5540315876974231
UA68060110000046608,Крупецька,3353,0,0
UA68060130000034298,Ленковецька,6270,0,0
UA68060150000029549,Михайлюцька,5000,0,0
UA68060170000075276,Нетішинська,37537,36492,0.9721608013426752
UA68060190000075749,Плужненська,7060,0,0
UA68060210000095851,Полонська,32145,20172,0.62753149790014
UA68060230000028195,Понінківська,7871,6914,0.8784144327277347
UA68060250000078635,Сахновецька,4733,0,0
UA68060270000042174,Славутська,35591,34918,0.9810907251833328
UA68060290000039941,Судилківська,12397,0,0
UA68060310000022172,Улашанівська,7979,0,0
UA68060330000029010,Шепетівська,42278,40299,0.9531907848053361
UA68060350000035460,Ямпільська,5906,1815,0.30731459532678634
UA71020010000037786,Бужанська,3403,0,0
UA71020030000059581,Ватутінська,20469,15763,0.7700913576628071
UA71020050000074004,Виноградська,3853,0,0
UA71020070000078820,Вільшанська,8980,2919,0.3250556792873051
UA71020090000047211,Водяницька,5708,0,0
UA71020110000015834,Єрківська,4843,3874,0.7999174065661779
UA71020130000086047,Звенигородська,26983,16269,0.6029351814105177
UA71020150000082849,Катеринопільська,12686,5243,0.41329024121078356
UA71020170000024193,Лип’янська,3082,0,0
UA71020190000034403,Лисянська,13649,7398,0.5420177302366473
UA71020210000030936,Матусівська,3711,0,0
UA71020230000095267,Мокрокалигірська,4737,0,0
UA71020250000078192,Селищенська,6279,0,0
UA71020270000021083,Стеблівська,7110,3280,0.4613220815752461
UA71020290000032540,Тальнівська,30665,12839,0.4186857981412033
UA71020310000027379,Шевченківська,4545,0,0
UA71020330000027449,Шполянська,33101,16323,0.4931270958581312
UA71040010000032874,Великохутірська,3093,0,0
UA71040030000055285,Вознесенська,4916,0,0
UA71040050000016509,Гельмязівська,7989,0,0
UA71040070000034468,Драбівська,15532,6085,0.39177182590780324
UA71040090000047664,Золотоніська,34914,27206,0.7792289625938019
UA71040110000054881,Зорівська,3617,0,0
UA71040130000029175,Іркліївська,17992,0,0
UA71040150000026547,Новодмитрівська,9813,0,0
UA71040170000034734,Піщанська,6574,0,0
UA71040190000080571,Чорнобаївська,19839,6878,0.34669086143454814
UA71040210000024694,Шрамківська,11166,0,0
UA71060010000027807,Бабанська,6432,2137,0.3322450248756219
UA71060030000053648,Баштечківська,3949,0,0
UA71060050000056084,Буцька,5096,1738,0.3410518053375196
UA71060070000098837,Дмитрушківська,9356,0,0
UA71060090000088339,Жашківська,28503,13242,0.46458267550784127
UA71060110000085867,Іваньківська,4228,0,0
UA71060130000099511,Ладижинська,10141,0,0
UA71060150000062190,Маньківська,17587,7440,0.42303974526638993
UA71060170000092613,Монастирищенська,33864,11774,0.3476848570753603
UA71060190000086831,Паланська,14507,0,0
UA71060210000032972,Уманська,82542,81525,0.9876789997819292
UA71060230000095772,Христинівська,31642,13326,0.42114910561911384
UA71080010000073303,Балаклеївська,9364,0,0
UA71080030000050121,Березняківська,5409,0,0
UA71080050000028174,Білозірська,8546,727,0.08506903814650128
UA71080070000050993,Бобрицька,4385,0,0
UA71080090000075810,Будищенська,4771,0,0
UA71080110000055395,Городищенська,22462,14192,0.6318226337814976
UA71080130000078619,Кам’янська,19120,10945,0.5724372384937239
UA71080150000071745,Канівська,26507,23172,0.8741841777643641
UA71080170000080118,Корсунь-Шевченківська,20422,17216,0.8430124375673294
UA71080190000038712,Леськівська,8074,0,0
UA71080210000074132,Ліплявська,3475,0,0
UA71080230000065521,Медведівська,3635,0,0
UA71080250000099725,Михайлівська,5790,0,0
UA71080270000076233,Мліївська,5188,0,0
UA71080290000067044,Мошнівська,14469,0,0
UA71080310000072487,Набутівська,6103,0,0
UA71080330000082129,Ротмістрівська,8887,0,0
UA71080350000033809,Руськополянська,13571,0,0
UA71080370000064287,Сагунівська,5045,0,0
UA71080390000078978,Смілянська,65680,65675,0.9999238733252132
UA71080410000061690,Степанецька,6791,0,0
UA71080430000025181,Степанківська,7071,0,0
UA71080450000083423,Тернівська,5280,0,0
UA71080470000038153,Червонослобідська,14052,0,0
UA71080490000022110,Черкаська,270705,269836,0.9967898635045529
UA71080510000028067,Чигиринська,18846,8539,0.4530934946407726
UA73020010000044067,Банилівська,7309,0,0
UA73020030000022011,Берегометська,18246,7514,0.4118162885015894
UA73020050000061546,Брусницька,9197,0,0
UA73020070000035367,Вашківецька,12171,5215,0.4284775285514748
UA73020090000031499,Вижницька,16635,3803,0.22861436729786594
UA73020110000071923,Конятинська,4760,0,0
UA73020130000092871,Путильська,11197,3374,0.3013307135839957
UA73020150000076225,Селятинська,4677,0,0
UA73020170000016631,Усть-Путильська,5414,0,0
UA73040010000039325,Вашковецька,4611,0,0
UA73040030000042378,Кельменецька,31568,6985,0.22126837303598582
UA73040050000080963,Клішковецька,14734,0,0
UA73040070000053425,Лівинецька,6582,0,0
UA73040090000036527,Мамалигівська,11690,0,0
UA73040110000040354,Недобоївська,12257,0,0
UA73040130000087963,Новодністровська,10463,0,0
UA73040150000056182,Рукшинська,6410,0,0
UA73040170000011490,Сокирянська,36009,8547,0.23735732733483295
UA73040190000062796,Хотинська,17884,8936,0.49966450458510403
UA73060010000052133,Боянська,6385,0,0
UA73060030000078843,Ванчиковецька,14272,0,0
UA73060050000034325,Великокучурівська,13849,0,0
UA73060070000082869,Веренчанська,8033,0,0
UA73060090000047054,Вікнянська,5839,0,0
UA73060110000070017,Волоківська,6944,0,0
UA73060130000078771,Герцаївська,17890,2097,0.11721632196757965
UA73060150000088691,Глибоцька,19139,9226,0.4820523538324886
UA73060170000031531,Горішньошеровецька,5756,0,0
UA73060190000043347,Заставнівська,9251,7750,0.8377472705653443
UA73060210000010691,Кадубовецька,7833,0,0
UA73060230000024500,Кам’янецька,10055,0,0
UA73060250000049790,Кам’янська,11050,0,0
UA73060270000016588,Карапчівська,4419,0,0
UA73060290000034305,Кіцманська,20575,6049,0.2939975698663426
UA73060310000074904,Кострижівська,4254,2587,0.6081335213916315
UA73060330000039245,Красноїльська,11235,10444,0.929595015576324
UA73060350000057190,Магальська,9456,0,0
UA73060370000059595,Мамаївська,19802,4781,0.24144025855974144
UA73060390000017602,Неполоковецька,7418,2427,0.3271771366945268
UA73060410000077092,Новоселицька,27990,7399,0.26434440871739906
UA73060430000042676,Острицька,13390,0,0
UA73060450000099566,Петровецька,8096,0,0
UA73060470000040033,Ставчанська,6220,0,0
UA73060490000033679,Сторожинецька,41964,14077,0.3354541988370985
UA73060510000025800,Сучевенська,7868,0,0
UA73060530000099979,Тарашанська,7557,0,0
UA73060550000052402,Тереблеченська,6280,0,0
UA73060570000058573,Топорівська,11551,0,0
UA73060590000095243,Чагорська,10112,0,0
UA73060610000066784,Чернівецька,269381,264298,0.9811308147196721
UA73060630000091311,Чудейська,14355,0,0
UA73060650000012771,Юрковецька,10424,0,0
UA74020010000010449,Корюківська,20456,12202,0.5964998044583496
UA74020030000069340,Менська,25085,13016,0.5188758222045047
UA74020050000033944,Сновська,21575,10620,0.49223638470451914
UA74020070000037186,Сосницька,14831,6589,0.4442721326950307
UA74020090000083820,Холминська,4488,2459,0.5479055258467023
UA74040010000076097,Батуринська,6984,2406,0.3445017182130584
UA74040030000093042,Бахмацька,28821,16862,0.5850595052218868
UA74040050000013413,Бобровицька,24234,10541,0.43496740117190724
UA74040070000086652,Борзнянська,15335,9454,0.6164982067166612
UA74040090000047246,Вертіївська,7765,0,0
UA74040110000021989,Височанська,4168,0,0
UA74040130000094076,Дмитрівська,4944,2090,0.4227346278317152
UA74040150000010608,Комарівська,4417,0,0
UA74040170000037628,Крутівська,3457,0,0
UA74040190000070909,Лосинівська,9448,3583,0.37923370025402203
UA74040210000018988,Макіївська,3444,0,0
UA74040230000022565,Мринська,3948,0,0
UA74040250000063494,Ніжинська,66626,65830,0.9880527121544141
UA74040270000069132,Новобасанська,5997,0,0
UA74040290000072674,Носівська,19178,12908,0.6730628845552196
UA74040310000039217,Плисківська,2581,0,0
UA74040330000024949,Талалаївська,4561,0,0
UA74060010000052907,Коропська,15122,4990,0.3299828065070758
UA74060030000026607,Новгород-Сіверська,24073,12375,0.5140613965853861
UA74060050000061355,Понорницька,7335,1931,0.2632583503749148
UA74060070000028810,Семенівська,15611,7792,0.4991352251617449
UA74080010000063011,Варвинська,14601,7581,0.5192110129443189
UA74080030000040714,Ічнянська,22027,11297,0.5128705679393472
UA74080050000033938,Ладанська,8382,5671,0.6765688379861609
UA74080070000022285,Линовицька,4565,2574,0.563855421686747
UA74080090000092409,Малодівицька,4388,1931,0.4400638103919781
UA74080110000023749,Парафіївська,6436,2169,0.3370105655686762
UA74080130000060606,Прилуцька,51637,51637,1
UA74080150000033167,Срібнянська,10269,4161,0.4052001168565586
UA74080170000055617,Сухополов’янська,12283,0,0
UA74080190000091939,Талалаївська,11511,4562,0.39631656676222743
UA74080210000098421,Яблунівська,3302,0,0
UA74100010000063674,Березнянська,7365,4338,0.5890020366598778
UA74100030000076377,Гончарівська,6064,3289,0.5423812664907651
UA74100050000019554,Городнянська,20951,11506,0.5491861963629421
UA74100070000057810,Деснянська,10042,7297,0.7266480780720972
UA74100090000064336,Добрянська,4846,2607,0.5379694593479158
UA74100110000030364,Іванівська,7290,0,0
UA74100130000039404,Киїнська,4614,0,0
UA74100150000090847,Киселівська,5414,0,0
UA74100170000043593,Кіптівська,5436,0,0
UA74100190000086457,Козелецька,15780,7496,0.4750316856780735
UA74100210000053397,Куликівська,14116,4928,0.34910739586285067
UA74100230000068041,Любецька,5295,1890,0.35694050991501414
UA74100250000038291,Михайло-Коцюбинська,12290,2797,0.2275834011391375
UA74100270000049748,Новобілоуська,9781,0,0
UA74100290000084770,Олишівська,3200,1794,0.560625
UA74100310000091595,Остерська,8843,5564,0.6291982358927966
UA74100330000029082,Ріпкинська,14152,8810,0.6225268513284341
UA74100350000075160,Седнівська,3281,1041,0.3172813166717464
UA74100370000041962,Тупичівська,3923,0,0
UA74100390000073425,Чернігівська,282747,282747,1
NA,NA,2952301,0,0
