"vpo_thsd","new_population_thsd","hromada_code"
-3.4,4,"UA63140130000029212"
5.5,30.8,"UA63120150000086206"
-5,6.7,"UA63140150000093944"
-2.1,11.3,"UA63120230000080742"
9.8,31.3,"UA63120170000093573"
-2.7,10.5,"UA63120130000010762"
2.7,16.7,"UA63060010000015783"
-6.9,16.8,"UA63020050000045982"
-1.8,6.5,"UA63040130000098894"
3.7,10.1,"UA63020070000090466"
2,13,"UA63060070000031032"
-1.5,7.4,"UA63140050000096783"
-3.5,10.9,"UA63080010000040281"
5.6,38.1,"UA63120210000075842"
6.4,15.5,"UA63060110000043554"
-3.5,5.2,"UA63120290000021734"
-2.3,85.4,"UA63100050000079487"
-8.6,39.5,"UA63040090000021240"
1.6,8.5,"UA63100070000048302"
-1.7,20.5,"UA63040070000092606"
-1.6,4.3,"UA63080070000080622"
-2.9,6.6,"UA63080110000021737"
-1.8,3.3,"UA63080130000077600"
-10.8,33.8,"UA63040010000010092"
-4.3,14.8,"UA63040030000052515"
6.7,30.1,"UA63120010000021682"
1.1,6.6,"UA63100010000016136"
1.6,18.7,"UA63100030000050119"
12.7,49.1,"UA63020010000079018"
-3.3,12.1,"UA63040050000042831"
19.8,49.6,"UA63020030000094096"
8.6,35.3,"UA63120030000035245"
-3.9,8.2,"UA63120050000019867"
-1.6,4.3,"UA63080030000019649"
-13.3,22.4,"UA63140010000049419"
-6.3,9.5,"UA63080050000048455"
-22.4,20.4,"UA63120070000018741"
15.5,56,"UA63140030000091352"
5.1,24.7,"UA63060030000041642"
7,37.7,"UA63060050000033240"
11.3,37.3,"UA63020090000096294"
-0.5,3.8,"UA63040110000053205"
-17.1,37.4,"UA63080090000067457"
-4.5,8.7,"UA63120090000046130"
9.6,36.3,"UA63120110000043456"
4.7,21,"UA63140070000015310"
5.2,35.3,"UA63100090000052019"
-1.5,7.8,"UA63140090000052369"
4,17.7,"UA63120190000093717"
-2.2,8,"UA63040150000053402"
4.4,23.9,"UA63060090000041888"
2.6,29,"UA63140110000087562"
4.8,39.8,"UA63120250000081463"
-289.2,1131.9,"UA63120270000028556"
-6,32,"UA63140170000087785"
-3.2,15.8,"UA63080150000094794"
-1.5,1.4,"UA65020110000081240"
-1,5.2,"UA65060010000033335"
-3,13.7,"UA65080070000011930"
-0.8,3,"UA65080110000032706"
-3.3,13.7,"UA65060290000041992"
-1.4,6.7,"UA65060090000037720"
-0.9,6,"UA65100030000028786"
-0.5,4.3,"UA65060190000091058"
-0.6,3,"UA65100090000097337"
-0.7,4.1,"UA65060230000076026"
-1.1,4.2,"UA65060270000020124"
-1.6,10.3,"UA65100050000017921"
-3.5,11.2,"UA65060070000037346"
-3.8,6.1,"UA65100130000084882"
-7.3,14.3,"UA65100010000048953"
-1.2,2.4,"UA65020030000094118"
-7.8,3,"UA65020070000029027"
-2.1,8.1,"UA65080010000062554"
-1.3,6.2,"UA65080170000067222"
-0.9,3,"UA65060130000026961"
-2,10.8,"UA65040030000056170"
-1.4,10.8,"UA65100190000073217"
-1.2,6.3,"UA65060150000054200"
-0.7,3.8,"UA65080050000077041"
-1.7,4,"UA65020190000013272"
-13.7,45.2,"UA65060170000032937"
-6.3,27.3,"UA65080030000058401"
-3,3.6,"UA65020130000012731"
-8.6,9.1,"UA65020010000060480"
-2.2,9.4,"UA65060030000075716"
-8.5,7.4,"UA65020050000086746"
-2.3,8.6,"UA65060050000022914"
-3.9,53.1,"UA65040010000061104"
-3.9,9.8,"UA65100070000064512"
-1.3,2.1,"UA65020090000016354"
-8.1,34.2,"UA65060110000017055"
-8.1,34.2,"UA65060110000017055"
-1.2,5.2,"UA65080090000034188"
-2.5,12,"UA65040050000029613"
-7,5.1,"UA65020150000047137"
-1.1,4.8,"UA65080130000090391"
-3.1,2.8,"UA65020170000056973"
-3.2,30.6,"UA65040070000086673"
-9.5,28.4,"UA65100110000015344"
-0.5,3.3,"UA65060210000049771"
-6.5,27.7,"UA65080150000042499"
-3.3,13.5,"UA65060250000073379"
-4.4,5.2,"UA65020210000085773"
-92.5,225.2,"UA65100150000057191"
-5.2,9.6,"UA65100170000014054"
0.9,9.1,"UA68060010000056690"
0.7,8.5,"UA68040030000027335"
3.6,37.3,"UA68040090000087566"
0.5,6.5,"UA68060050000037587"
0.2,7.7,"UA68040110000011931"
1.3,13.8,"UA68020030000032574"
3.7,39.2,"UA68020050000040518"
1.2,10.9,"UA68020170000033495"
0.4,4.6,"UA68020130000052994"
2.2,20.6,"UA68040230000081901"
0.6,8.2,"UA68040250000053378"
0.7,7.2,"UA68020150000089666"
1.1,8.3,"UA68040270000072985"
0.4,6.3,"UA68040310000052042"
2.4,28.3,"UA68020190000052031"
4,36.1,"UA68060210000095851"
0.9,8.8,"UA68060230000028195"
1.1,12.3,"UA68040330000086970"
1.6,11.3,"UA68040350000083350"
2.9,21.3,"UA68040430000052699"
0.8,13.1,"UA68040490000093353"
2.6,29.4,"UA68020290000026103"
0.2,2.8,"UA68020010000017180"
0.6,6.9,"UA68060130000034298"
1.3,13.7,"UA68060290000039941"
3.4,37.7,"UA68040130000024471"
1.3,13.3,"UA68020230000069135"
1.1,11.2,"UA68040010000025276"
2.6,31.8,"UA68040210000089917"
0.4,4.3,"UA68040370000082743"
1.3,8.2,"UA68060070000048275"
0.4,6.4,"UA68040070000035730"
0.7,6.8,"UA68020250000080044"
1,8.9,"UA68020070000084437"
1.1,7.9,"UA68020270000040572"
0.3,3.6,"UA68060110000046608"
1.6,20.3,"UA68060030000077318"
0.7,8.6,"UA68060310000022172"
0.3,6.2,"UA68060350000035460"
3.1,38.6,"UA68060270000042174"
2,39.5,"UA68060170000075276"
0.6,7.7,"UA68060190000075749"
0.2,4.4,"UA68040170000061140"
0.4,5.2,"UA68060250000078635"
4.2,55.1,"UA68040390000011141"
1.5,19.8,"UA68040050000052367"
2.1,25,"UA68040150000077185"
0.6,7.7,"UA68020090000037732"
0.3,4,"UA68040190000021840"
3.3,32.2,"UA68060090000093924"
17.3,125.2,"UA68020110000071202"
0.1,4.1,"UA68040290000010822"
0.6,5.6,"UA68060150000029549"
0.6,8.9,"UA68020210000024765"
0.5,6.1,"UA68040410000062890"
2,26.6,"UA68040450000097735"
36.5,329.4,"UA68040470000053519"
4.2,46.5,"UA68060330000029010"
0.4,4.2,"UA68040510000019366"
1.6,20.2,"UA68040530000044109"
0.6,9.1,"UA71080050000028174"
0.5,5.4,"UA71020110000015834"
0.3,5.1,"UA71020230000095267"
3.9,34.6,"UA71020290000032540"
1.6,8.7,"UA71020270000021083"
1.1,7.2,"UA71080310000072487"
1.3,7.5,"UA71020250000078192"
0.7,9.6,"UA71080330000082129"
3.2,36.3,"UA71020330000027449"
1.3,8.1,"UA71080410000061690"
0.8,6,"UA71080270000076233"
6.9,35.4,"UA71060090000088339"
1.9,21,"UA71080130000078619"
1.4,4.9,"UA71080210000074132"
1,5.3,"UA71060110000085867"
1.7,16.2,"UA71060190000086831"
0.3,7.4,"UA71080430000025181"
2.2,20.2,"UA71040130000029175"
0.3,4.1,"UA71020210000030936"
0.2,3.8,"UA71040110000054881"
0.5,6.3,"UA71080250000099725"
1,6.1,"UA71060050000056084"
0.9,10.2,"UA71080010000073303"
0.4,5.8,"UA71080030000050121"
1.6,6,"UA71080070000050993"
0.8,4.2,"UA71020010000037786"
0.3,3.4,"UA71040010000032874"
1.5,10.5,"UA71020070000078820"
0.8,6.6,"UA71020090000047211"
1,10.4,"UA71060070000098837"
1,11.1,"UA71060130000099511"
0.4,8.5,"UA71080190000038712"
0.2,3.3,"UA71020170000024193"
2.5,16.2,"UA71020190000034403"
0.2,3.9,"UA71080230000065521"
1,14.6,"UA71080350000033809"
0.6,5.7,"UA71080370000064287"
0.5,5.8,"UA71080450000083423"
1,15,"UA71080470000038153"
2.7,21.5,"UA71080510000028067"
0.6,5.2,"UA71020310000027379"
4.1,30.7,"UA71080150000071745"
2,17.5,"UA71040070000034468"
1.1,5.1,"UA71060030000053648"
1.2,5,"UA71020050000074004"
0.6,7,"UA71060010000027807"
1,5.8,"UA71080090000075810"
3.3,23.8,"UA71020030000059581"
0.4,5.3,"UA71040030000055285"
1.1,9.1,"UA71040050000016509"
3,25.4,"UA71080110000055395"
3.9,30.9,"UA71020130000086047"
3.2,38.1,"UA71040090000047664"
1.2,13.9,"UA71020150000082849"
3.6,24,"UA71080170000080118"
2.7,20.3,"UA71060150000062190"
6.3,40.2,"UA71060170000092613"
1.4,15.9,"UA71080290000067044"
1.4,11.2,"UA71040150000026547"
0.9,7.5,"UA71040170000034734"
6.4,72.1,"UA71080390000078978"
10.2,92.7,"UA71060210000032972"
3.4,35.1,"UA71060230000095772"
29.4,300.1,"UA71080490000022110"
1.6,21.4,"UA71040190000080571"
2.2,13.4,"UA71040210000024694"
0.4,5,"UA73040010000039325"
1.3,15.2,"UA73060050000034325"
0.5,7.4,"UA73060110000070017"
1.2,20.3,"UA73060150000088691"
0.7,15.4,"UA73040050000080963"
0.4,12.1,"UA73040090000036527"
1,13.2,"UA73040110000040354"
0.4,6.8,"UA73040150000056182"
2.9,38.9,"UA73040170000011490"
0.6,6,"UA73020170000016631"
0.6,12.8,"UA73020070000035367"
2.6,19.2,"UA73020090000031499"
2.7,44.7,"UA73060490000033679"
0.4,11.6,"UA73060330000039245"
0.3,6.5,"UA73060550000052402"
0.5,14.9,"UA73060630000091311"
0.2,5,"UA73020110000071923"
0.2,4.9,"UA73020150000076225"
0.6,13.9,"UA73060430000042676"
1.5,21.3,"UA73060370000059595"
1.6,22.2,"UA73060290000034305"
0.4,9.8,"UA73060350000057190"
0.4,6.2,"UA73060090000047054"
0.7,11.1,"UA73060650000012771"
0.3,4.6,"UA73060310000074904"
1.6,29.6,"UA73060410000077092"
0.5,18.4,"UA73060130000078771"
0.6,9.9,"UA73060190000043347"
0.3,7.8,"UA73060390000017602"
0.2,6.4,"UA73060470000040033"
1.7,19.6,"UA73040190000062796"
1,11.1,"UA73060590000095243"
1.2,11.6,"UA73040130000087963"
0.2,14.5,"UA73060030000078843"
0.1,4.5,"UA73060270000016588"
0.3,8.1,"UA73060510000025800"
0.3,8.2,"UA73060210000010691"
0.5,7.8,"UA73020010000044067"
2.5,20.7,"UA73020030000022011"
0.3,6.6,"UA73060010000052133"
0.6,9.7,"UA73020050000061546"
0.3,8.3,"UA73060070000082869"
0.3,6.1,"UA73060170000031531"
0.6,10.7,"UA73060230000024500"
0.9,11.9,"UA73060250000049790"
2.1,33.7,"UA73040030000042378"
0.2,6.8,"UA73040070000053425"
0.2,8.3,"UA73060450000099566"
0.7,11.9,"UA73020130000092871"
0.3,7.8,"UA73060530000099979"
0.4,12,"UA73060570000058573"
42.7,312.1,"UA73060610000066784"
0.2,8,"UA74040090000047246"
-0.2,9.8,"UA74100070000057810"
0.3,5.7,"UA74100170000043593"
0.1,3.6,"UA74040210000018988"
0.1,6.5,"UA74080110000023749"
0.3,7.3,"UA74040010000076097"
0.4,20.8,"UA74020010000010449"
1.3,20.5,"UA74040290000072674"
1.2,10.1,"UA74100310000091595"
-0.6,21,"UA74020050000033944"
0,6.1,"UA74100030000076377"
1.3,16.5,"UA74060010000052907"
0.2,9.6,"UA74040190000070909"
0.7,13,"UA74100250000038291"
-0.4,6.9,"UA74100110000030364"
0.1,4.1,"UA74040230000022565"
2.5,27.6,"UA74020030000069340"
1.1,16.9,"UA74100190000086457"
0.4,4.8,"UA74040150000010608"
-0.5,5.5,"UA74040270000069132"
1.4,25.6,"UA74040050000013413"
0,2.5,"UA74040310000039217"
-0.1,3.8,"UA74100370000041962"
0.5,22.5,"UA74080030000040714"
4.9,19,"UA74100210000053397"
0.2,4.6,"UA74080090000092409"
0.2,5.5,"UA74100230000068041"
-2.4,13.2,"UA74060070000028810"
1.4,16.2,"UA74020070000037186"
0.4,10.7,"UA74080150000033167"
0.4,11.9,"UA74080190000091939"
0.2,4.7,"UA74020090000083820"
0.2,3.4,"UA74100290000084770"
0,4.2,"UA74040110000021989"
0.9,15.5,"UA74080010000063011"
-1.4,19.6,"UA74100050000019554"
0.3,4.8,"UA74080070000022285"
-1.3,65.3,"UA74040250000063494"
-0.5,23.5,"UA74060030000026607"
1.1,16.5,"UA74040070000086652"
0,9.8,"UA74100270000049748"
-0.6,4,"UA74100130000039404"
0.1,4.9,"UA74100090000064336"
-0.2,5.2,"UA74100150000090847"
0.8,8.1,"UA74060050000061355"
0.4,12.6,"UA74080170000055617"
-0.1,4.4,"UA74040330000024949"
0.9,29.7,"UA74040030000093042"
1.2,8.6,"UA74100010000063674"
-0.2,4.7,"UA74040130000094076"
0,3.5,"UA74040170000037628"
0.3,8.7,"UA74080050000033938"
1.6,53.2,"UA74080130000060606"
0.1,14.2,"UA74100330000029082"
0.2,3.5,"UA74100350000075160"
-44.3,238.4,"UA74100390000073425"
0.2,3.5,"UA74080210000098421"
3.1,47.6,"UA05120070000075759"
0.3,6.1,"UA05100110000070795"
2.5,23.6,"UA05020090000067118"
0.8,10.1,"UA05100030000051497"
4.3,44,"UA05060010000053179"
2.5,30.5,"UA05020170000049432"
4.2,47.2,"UA05100150000050790"
1.1,18.2,"UA05020050000066991"
2.1,16.4,"UA05040050000080930"
4.3,22.7,"UA05020190000015755"
2,23.5,"UA05100130000061386"
1.4,17.2,"UA05100170000071290"
0.5,5.7,"UA05080010000038400"
0.5,5.8,"UA05120030000061384"
1.4,13.9,"UA05040070000093188"
1,8,"UA05040190000039450"
0.7,8.4,"UA05060110000027268"
0.8,12.2,"UA05060090000058521"
1.2,17.6,"UA05020310000080026"
0.3,4.3,"UA05040110000042036"
1.2,14.4,"UA05120050000063063"
1,12,"UA05120010000076685"
0.7,10.1,"UA05100010000023453"
0.7,12,"UA05020150000074651"
1.1,8.6,"UA05040090000093950"
1.3,19.8,"UA05020070000010139"
2.6,26.1,"UA05040250000027965"
2.6,26.1,"UA05040250000027965"
46.6,434.1,"UA05020030000031457"
5.3,48.3,"UA05120170000013778"
1.8,18.7,"UA05040230000017028"
0.8,8.6,"UA05040210000068217"
0.9,22.1,"UA05020130000056031"
4,52.2,"UA05060050000058111"
0.4,7,"UA05020250000055470"
0.8,8.6,"UA05120110000018679"
0.9,10.3,"UA05020010000053508"
3.8,45.8,"UA05040010000022470"
1.1,14.7,"UA05080030000089348"
4.2,47.7,"UA05040030000050131"
0.8,12.3,"UA05100050000038768"
1,13.6,"UA05060030000026125"
3.2,35.6,"UA05120090000060589"
0.6,8.4,"UA05060070000012952"
1.8,21.5,"UA05100070000035159"
2.6,27.2,"UA05040130000025322"
2.3,22.6,"UA05020110000052014"
5.2,47.3,"UA05080050000023603"
2.3,22.7,"UA05080070000010150"
1,10.6,"UA05040150000077146"
0.6,6.7,"UA05040170000093514"
1.1,14.6,"UA05100090000029847"
6.2,33.2,"UA05020210000033427"
1.2,9.5,"UA05120130000014261"
0.6,8,"UA05060130000030729"
1,20.2,"UA05020230000029909"
0.8,11.8,"UA05020270000044358"
1.2,16.5,"UA05020290000092626"
1.8,17.1,"UA05120150000069474"
1.5,16.7,"UA05080090000089922"
1.3,14.6,"UA05040270000051651"
2.5,26.5,"UA05060150000094411"
4.2,40.8,"UA05080110000056824"
0.8,7.4,"UA05080130000024964"
0,3.9,"UA07060030000041840"
0.3,8.6,"UA07060070000063773"
0.2,8.6,"UA07020050000082369"
0.2,7.3,"UA07020210000033081"
0.2,6.4,"UA07060250000039902"
1.1,17.4,"UA07060450000051170"
0.1,9.2,"UA07060150000038564"
0.2,5.3,"UA07060130000030797"
0.1,4.1,"UA07020090000019505"
0.2,8.8,"UA07020170000049971"
0.1,4.4,"UA07060290000054842"
0.1,5.7,"UA07020190000043658"
0.2,9.3,"UA07040070000058434"
0.2,8.3,"UA07060210000030014"
0.6,8.9,"UA07060050000091514"
0.2,10,"UA07060170000059479"
0,5.1,"UA07060350000084520"
0.3,9.5,"UA07020070000082628"
0.5,18.2,"UA07080290000088287"
0.8,15.8,"UA07080030000051738"
0.9,31.3,"UA07040030000028082"
0.3,6.1,"UA07060330000052414"
0.3,8.9,"UA07060090000026043"
1.2,17.2,"UA07060270000021892"
0.7,23.2,"UA07080130000017070"
0.1,3.5,"UA07060010000090019"
0.1,6.1,"UA07080150000089103"
0.2,9.9,"UA07060110000041168"
0.1,3.5,"UA07060370000022360"
0.1,4.6,"UA07060390000098670"
0.2,5.3,"UA07060230000029166"
0.8,19.9,"UA07060430000041345"
0.1,5.7,"UA07020150000092012"
0.1,9.1,"UA07080050000014573"
0.2,8.3,"UA07020030000052032"
0.3,12.3,"UA07080270000067148"
0.9,24.3,"UA07080110000043895"
1.3,18.6,"UA07080230000046097"
0.5,12.7,"UA07060410000041366"
16.1,252.4,"UA07080170000013585"
0.3,11,"UA07080190000072811"
0.1,6.7,"UA07080090000017614"
0.2,9.4,"UA07040090000043197"
0.4,11.1,"UA07080010000062933"
3,45,"UA07020010000096841"
1,29,"UA07080070000052255"
1.9,55.8,"UA07040010000033507"
4.2,77,"UA07060190000036342"
0.2,13.4,"UA07020110000037373"
0.8,28.5,"UA07040050000080830"
4.8,62.2,"UA07020130000036300"
0.2,12.1,"UA07080210000090779"
0.4,21.7,"UA07060310000037369"
1.1,29.2,"UA07080250000053335"
1,22.8,"UA12060010000090992"
1.2,10.8,"UA12120010000087180"
0.7,8.6,"UA12120030000075687"
0.2,5.1,"UA12020230000085693"
0.1,2.9,"UA12060030000081794"
-4.6,13.8,"UA12060130000012028"
1.1,7.2,"UA12060090000074553"
0.2,2.2,"UA12020070000057092"
1,6.9,"UA12020110000034205"
0.1,4.7,"UA12060210000077302"
2.3,12.8,"UA12020130000022909"
0.7,8.4,"UA12020150000050274"
2.2,26,"UA12020270000063450"
0.5,6.2,"UA12020290000063321"
3.2,27.1,"UA12020250000010438"
0.7,7.7,"UA12080030000022466"
0.4,10.9,"UA12040010000018960"
2.4,24,"UA12140030000091432"
0.2,4.6,"UA12040070000083117"
1.5,20.2,"UA12040170000019083"
0.2,4.9,"UA12040190000056469"
3.4,23.1,"UA12140250000015858"
0.2,3.2,"UA12140290000032227"
0.6,12.5,"UA12060270000017282"
4.7,18.9,"UA12080130000071360"
1.1,15.3,"UA12020310000017431"
-0.8,2.9,"UA12140050000051356"
0,4.4,"UA12060070000012840"
0.3,8.8,"UA12140130000052990"
-0.1,2.4,"UA12060230000032833"
0.8,4.6,"UA12140190000047361"
0.5,9,"UA12140070000025486"
3.8,40.7,"UA12040050000057182"
4.4,19.1,"UA12140150000054570"
8.6,20.7,"UA12080070000077032"
-2,10.3,"UA12080150000061416"
0.8,7.5,"UA12120050000027007"
0.5,3.8,"UA12120110000010894"
2.1,24.8,"UA12020190000075117"
1.7,11.2,"UA12140170000037152"
0.1,3.5,"UA12140090000053443"
0.5,10.8,"UA12140270000072109"
1,13.8,"UA12140110000060935"
0.6,5.6,"UA12140330000063909"
0.5,3.7,"UA12020030000073022"
0,5.2,"UA12060150000015198"
-1.3,11.2,"UA12060290000039013"
0.8,11.6,"UA12120130000021632"
0.3,3.9,"UA12020050000026654"
0.4,2.9,"UA12140370000059352"
0.3,7.2,"UA12040230000099388"
0.1,5.3,"UA12060110000015305"
0.5,5.5,"UA12100030000084605"
1.7,22.1,"UA12100090000022751"
2.9,21.3,"UA12100110000043499"
0.6,5.1,"UA12020330000076598"
-10.9,36.8,"UA12080010000029838"
9,51.1,"UA12080090000039979"
0.2,7.7,"UA12060050000031212"
0.2,4,"UA12040130000037856"
1.5,22.7,"UA12100050000045992"
1.9,13.6,"UA12020170000068526"
0.5,5.1,"UA12100150000039396"
3.2,26.3,"UA12020210000032285"
0.5,10.7,"UA12100130000095653"
25.7,259.4,"UA12040150000015189"
0.7,4.6,"UA12140010000024967"
0.5,12.3,"UA12040030000066040"
1.3,24.7,"UA12040090000029346"
1.6,19.5,"UA12100010000093577"
159.1,1130.2,"UA12020010000033698"
5,48.5,"UA12040110000091524"
56.1,662.7,"UA12060170000091033"
0.7,19.2,"UA12060190000043514"
0.4,7,"UA12020090000044548"
-43.9,61.2,"UA12080050000062712"
7.1,77,"UA12100070000011492"
0.4,16.7,"UA12060250000064393"
14.8,116.3,"UA12120070000057518"
5.9,33,"UA12140210000089021"
1.8,10.1,"UA12140230000057328"
5,15.1,"UA12080110000055958"
1.4,26.8,"UA12040210000039759"
2,31.7,"UA12140310000078816"
0.8,4.1,"UA12140350000058140"
5.2,32.2,"UA12120090000031622"
1.6,41.8,"UA14120110000031497"
0.2,4.1,"UA14160270000099007"
-0.4,8.2,"UA14120230000038918"
-3.7,16.9,"UA14120130000086767"
-10.8,8.5,"UA14020090000073988"
4.5,13.2,"UA14120050000033910"
-4.8,8.2,"UA14020070000070354"
-1.7,0.7,"UA14020030000023064"
1,3.2,"UA14120010000096882"
0.9,12.9,"UA14120170000011133"
-29.4,49.6,"UA14020010000088496"
-2.4,23.1,"UA14040050000064688"
-0.6,3.3,"UA14160090000058463"
-16,16,"UA14160010000086090"
-3.1,12.4,"UA14160030000019136"
-2.9,15.4,"UA14040010000017239"
25.6,61.1,"UA14040030000025138"
-0.7,8.6,"UA14160050000083011"
-9.2,33.7,"UA14160070000097326"
-7.1,58.4,"UA14120030000057882"
1.7,11.4,"UA14140010000044623"
-0.4,6.4,"UA14040070000032181"
-5.4,67,"UA14120070000090878"
-31.4,149.5,"UA14120090000098500"
2.7,40.8,"UA14160110000031920"
12,32.9,"UA14140030000092230"
-13.5,19.5,"UA14160130000011561"
9.1,444.3,"UA14140050000020560"
-2.8,8.8,"UA14040090000061195"
-0.4,47.6,"UA14160150000038750"
8,24.7,"UA14140070000060361"
5.4,24.4,"UA14160170000023385"
-1,9.5,"UA14120150000071686"
6.6,25.4,"UA14040110000019914"
-4.2,16.8,"UA14160190000059231"
-9.1,71.9,"UA14160210000011148"
-5.1,15.3,"UA14140090000015932"
-3.3,25.4,"UA14020050000019803"
2.7,11.5,"UA14120190000021407"
3.7,38.5,"UA14160230000060952"
-8,105.1,"UA14120210000056793"
0.9,11.4,"UA14040130000068575"
-22.1,43,"UA14020110000075529"
-0.1,3.8,"UA14160250000075646"
2.1,14.1,"UA14040150000099558"
-5.6,7.3,"UA14020130000080900"
0.1,2.4,"UA18040070000059677"
0.4,3.5,"UA18040090000077574"
0.2,3.8,"UA18080110000095378"
0.4,9.3,"UA18060070000095797"
-0.9,8.4,"UA18060150000038188"
0.2,8.3,"UA18040330000027310"
0.5,3.9,"UA18040410000025491"
0.3,9.9,"UA18040530000045696"
0.7,6.1,"UA18020170000036711"
2.1,7.4,"UA18040230000036046"
1.9,26.8,"UA18080010000090720"
1.8,31.2,"UA18040250000068141"
1.5,35.7,"UA18060190000071101"
5.8,19.8,"UA18040050000049937"
0.3,8.4,"UA18080070000029133"
0.8,9.5,"UA18080090000055832"
0.3,15.4,"UA18060110000061631"
0.7,7.6,"UA18040310000093693"
3.6,19.7,"UA18040390000055900"
0.7,18.3,"UA18040570000099817"
0.2,6,"UA18060250000078729"
1.3,5,"UA18040010000031446"
0.7,7.3,"UA18080030000019784"
0.2,5.9,"UA18060010000047628"
0,2.8,"UA18060050000027575"
1.1,5,"UA18040210000044466"
1.1,8.5,"UA18020090000092001"
0.3,5.3,"UA18020150000084693"
0.2,16.9,"UA18040490000014752"
0.2,9.6,"UA18060230000071114"
0.2,6.9,"UA18080210000038722"
1.7,22.8,"UA18080130000032098"
1.9,27.2,"UA18040290000063354"
0.3,8,"UA18080050000083590"
0.2,4,"UA18080170000023999"
0.6,11.4,"UA18060210000083283"
-0.8,35.5,"UA18060170000069581"
0.7,8.5,"UA18040270000050167"
0.9,14.7,"UA18040430000080827"
4.1,29.2,"UA18040450000079138"
0.3,11.1,"UA18040150000019024"
0.3,8.4,"UA18040370000055940"
0.5,6.8,"UA18040110000034222"
0.9,5.9,"UA18020050000058053"
0.7,10.2,"UA18020070000083539"
0.4,7.3,"UA18020110000026941"
1.7,21.1,"UA18040610000049084"
0.3,4.4,"UA18020190000022756"
-1.7,261.6,"UA18040190000029215"
1.3,62.4,"UA18080150000022496"
0.2,5.1,"UA18080190000029932"
0.1,1.9,"UA18040550000062361"
0.6,5.6,"UA18040510000013419"
3.2,22.7,"UA18020010000059904"
3.1,77.4,"UA18020030000035625"
0.3,9.3,"UA18040030000089649"
0,5.4,"UA18040130000075048"
-0.1,4.6,"UA18060030000039943"
-0.4,3.2,"UA18040170000089964"
-1.6,69.9,"UA18060090000061708"
-3,33.7,"UA18060130000061781"
-0.1,23.5,"UA18040350000040746"
1.8,20.1,"UA18040470000074046"
5.1,24.5,"UA18020130000096761"
0.2,19.8,"UA18040590000064402"
0.2,7.9,"UA18080230000071226"
0.7,13.1,"UA21080050000056542"
2.3,21.6,"UA21080150000014443"
5.8,19.5,"UA21040210000079273"
2.5,38.2,"UA21120130000025618"
1.6,14,"UA21100130000055002"
1.4,12.2,"UA21100010000070243"
17,127.1,"UA21040150000092428"
0.9,10.9,"UA21100030000089881"
0.5,9.7,"UA21040070000029344"
1,17.7,"UA21120070000032447"
0.4,8.7,"UA21120110000065395"
0.4,9.8,"UA21020130000047547"
1,15.9,"UA21120150000079563"
0.4,8.1,"UA21020170000069101"
1.5,8.1,"UA21100110000018765"
2.5,16.9,"UA21100250000028639"
6.2,49.9,"UA21020030000019624"
0.5,12.5,"UA21020010000055068"
0.6,7.1,"UA21080010000097427"
1.5,22,"UA21120010000011654"
0.7,11.2,"UA21060010000011784"
2,27.7,"UA21080030000084057"
0.3,6.4,"UA21020050000065800"
0.6,8.2,"UA21020070000015036"
2.3,31.7,"UA21060030000020114"
0.3,11.8,"UA21100050000042361"
1.7,23.3,"UA21040010000055885"
0.8,8,"UA21040030000026359"
0.8,15.5,"UA21020090000083647"
5.6,68.7,"UA21020110000091104"
3.3,19.3,"UA21120030000076462"
1.6,10.4,"UA21040050000032164"
0.7,13.4,"UA21120050000055437"
0.7,14.5,"UA21120090000025804"
0.9,21.2,"UA21080070000025254"
0.2,6.9,"UA21100070000018509"
0.6,5.3,"UA21040090000072363"
0.6,9.8,"UA21040110000099623"
0.8,9.4,"UA21120170000080579"
0.9,10.5,"UA21040130000019237"
1.2,24,"UA21020150000043098"
0.7,5.8,"UA21100090000012128"
2.1,26.8,"UA21120190000082169"
0.3,5.5,"UA21040170000092506"
1,31.5,"UA21080090000024861"
0.9,10.7,"UA21040190000088960"
0.7,20.3,"UA21020190000086409"
1.7,8.7,"UA21120210000094884"
2.7,26.1,"UA21060050000029937"
3,30.5,"UA21040230000091606"
1.1,15.5,"UA21100150000019483"
0.7,7,"UA21120230000041982"
2.5,37.4,"UA21080110000054940"
0.6,7.5,"UA21100170000051803"
0.6,10.1,"UA21100190000078736"
0.8,17.4,"UA21080130000093757"
1,17,"UA21100210000026937"
0.5,11.1,"UA21080170000093911"
27.3,142.8,"UA21100230000083101"
0.4,7.3,"UA21080190000094580"
7.7,88.1,"UA21120250000077532"
2,16.8,"UA21040250000010914"
2,17.5,"UA21100270000015047"
2.9,21.5,"UA21060070000049340"
-0.4,4,"UA23020070000049788"
-2.4,11.1,"UA23080010000036379"
-0.8,5.1,"UA23100090000029171"
-3,2.3,"UA23100210000086911"
-0.5,2.6,"UA23100250000073490"
-1.5,3.8,"UA23100050000041545"
2.1,7.8,"UA23060050000065959"
-1.4,20.9,"UA23020130000081044"
-4.2,8.3,"UA23060090000082326"
1.2,10.9,"UA23060010000052992"
-2.1,0.8,"UA23100130000058758"
-0.7,6.6,"UA23020110000062653"
-2,2.1,"UA23060290000024046"
-3.2,16.4,"UA23040130000044084"
-13.4,4.7,"UA23100170000031289"
-1.5,5.9,"UA23040050000076136"
-3.5,12,"UA23020150000063371"
-14.5,4,"UA23100070000026535"
0.2,4.7,"UA23060230000071243"
4.6,17.5,"UA23060330000027462"
-1.5,10,"UA23040070000097076"
-0.5,2.9,"UA23080170000033256"
-0.6,2.5,"UA23080290000096336"
1.2,6,"UA23060250000058722"
-1.4,1.3,"UA23100030000016840"
-0.6,2.7,"UA23080210000060255"
-1.6,10.3,"UA23080230000097340"
-1,5.5,"UA23080030000064349"
-3.4,21.6,"UA23080310000097001"
-0.7,4.2,"UA23080130000083188"
-1.2,4.8,"UA23040010000033945"
-4.4,14.5,"UA23040170000022547"
2.7,9.1,"UA23060150000085288"
-0.6,4.8,"UA23080090000051553"
-0.7,5.4,"UA23080190000065134"
-1.9,4.5,"UA23040190000047410"
-8.1,103,"UA23020050000046501"
-1.5,9.7,"UA23100010000094236"
-1.2,3.6,"UA23060210000064233"
-11.7,17.3,"UA23100190000020018"
-1.3,6.6,"UA23100230000021603"
-0.2,3,"UA23020010000034566"
-2.3,0.9,"UA23100110000028240"
-0.4,4.5,"UA23080110000020314"
-1.1,8.1,"UA23080250000043914"
-0.1,3.4,"UA23060310000081443"
-1.1,2.1,"UA23100290000069212"
-0.9,5.9,"UA23020030000059558"
-8.3,12.2,"UA23040030000061166"
0.7,17.3,"UA23060030000037089"
-4.7,13.4,"UA23040090000031823"
-15.1,37.1,"UA23040110000019947"
63.5,773.6,"UA23060070000082704"
-0.9,4.6,"UA23020090000069977"
-1.3,12.9,"UA23080050000095009"
-0.5,16.5,"UA23060110000049870"
-3.2,9,"UA23040150000063069"
0.6,7.4,"UA23060130000058533"
-17.1,131.8,"UA23080070000068953"
0.5,5.9,"UA23060170000046208"
-2.4,9.1,"UA23100150000023366"
-0.6,6.8,"UA23080150000073640"
0.6,11.6,"UA23060190000080843"
-0.4,5,"UA23060270000087706"
-5.1,3,"UA23040210000019462"
-1.1,7.9,"UA23080270000086363"
-8.5,27.5,"UA23100270000073418"
0.5,10.6,"UA26060050000042523"
1.3,18.1,"UA26080170000041182"
0.2,6.1,"UA26040310000066064"
0.5,9.1,"UA26020010000096556"
1.7,28.9,"UA26040350000024417"
0.4,8,"UA26040010000011271"
0.2,5.9,"UA26060090000054411"
0.4,8.5,"UA26100030000012148"
0.5,8.4,"UA26080110000076323"
1,14,"UA26080130000058024"
0.6,11.4,"UA26080210000049380"
0.3,9,"UA26040250000061081"
0.5,8.7,"UA26040110000023512"
0.9,12.8,"UA26100070000078132"
1,16.7,"UA26100090000038366"
0.1,9.3,"UA26120110000086381"
0.2,11.3,"UA26120050000087602"
0.9,20.4,"UA26080050000081474"
0.3,9.6,"UA26040390000023006"
0.8,11.9,"UA26060030000011364"
0.5,10.8,"UA26060110000025739"
1.7,22.9,"UA26120030000018265"
0.2,5.9,"UA26060250000064599"
0.3,6.1,"UA26040170000097347"
0.9,4.2,"UA26040370000057019"
0.2,4.9,"UA26040050000080752"
1.5,19.5,"UA26060070000011203"
0.4,8.5,"UA26080090000095729"
0.7,14.4,"UA26060190000099075"
9.4,83.4,"UA26080070000092582"
6,93.2,"UA26060170000091466"
3.2,51.2,"UA26060130000047466"
41,328.5,"UA26040190000081578"
0.4,7.4,"UA26080010000036750"
0.3,7.2,"UA26060150000074921"
0.4,7.8,"UA26040150000053322"
0.7,21.4,"UA26120090000072057"
0.4,5.3,"UA26080190000080618"
2.1,30.3,"UA26040030000091528"
1.5,21,"UA26060010000037638"
1.6,25.6,"UA26040070000065724"
3.5,23.2,"UA26020030000088465"
3.2,9.2,"UA26120010000096774"
1.7,21.2,"UA26040090000025932"
2,45.6,"UA26080030000014307"
0.4,7.6,"UA26040130000010870"
0.2,2.1,"UA26020050000098694"
4.2,36.5,"UA26100010000076570"
1.6,17.4,"UA26100050000019570"
0.4,7.7,"UA26040210000094444"
3.3,46.2,"UA26120070000067596"
0.2,9.1,"UA26040230000035526"
1,20.9,"UA26080150000032640"
0.9,24.5,"UA26060210000091421"
4.3,9.1,"UA26120130000088448"
1.7,32.9,"UA26040270000047749"
0.9,20.9,"UA26060230000053464"
2.2,42.7,"UA26080230000035462"
1.4,27.3,"UA26040290000025886"
1.6,29.8,"UA26040330000019235"
0.3,6.7,"UA26080250000056546"
7.7,21.2,"UA26120150000021671"
-1,9.5,"UA32060150000031409"
-1.3,6.6,"UA32080230000026180"
1.7,7.1,"UA32020110000085875"
-8.9,21.2,"UA32060070000092009"
1.1,5.5,"UA32040070000056247"
1.3,11.8,"UA32020250000099079"
3.2,23.3,"UA32020230000012716"
5.2,35.4,"UA32020210000064694"
1.8,8.8,"UA32040150000073245"
1.2,28,"UA32060010000086043"
-6.6,19.3,"UA32080030000070006"
1.9,8.4,"UA32020070000027895"
7.5,39.3,"UA32120090000034281"
1.4,23.1,"UA32060030000048241"
-9,49.3,"UA32080070000050759"
5,19.3,"UA32120130000012946"
6.3,48.7,"UA32120110000025177"
6.2,31.8,"UA32120010000062762"
0.2,13.1,"UA32140070000012102"
1.7,7,"UA32040170000034173"
1.7,5.7,"UA32140130000030648"
1.3,7.2,"UA32040190000043384"
1.3,10.4,"UA32060090000096236"
-1.7,6.7,"UA32060130000095223"
0.8,7.1,"UA32140010000049369"
-0.1,27,"UA32080010000060215"
5.7,223.1,"UA32020010000093088"
4.7,85.9,"UA32040010000010116"
7.8,31.2,"UA32080050000052660"
-0.7,52.4,"UA32140030000074165"
0.6,120.4,"UA32060050000030591"
-0.3,44.8,"UA32120030000030458"
2.2,36.2,"UA32100010000094393"
0.6,49.9,"UA32080090000011038"
4.4,19.8,"UA32020030000029575"
2.4,16.2,"UA32040030000083910"
1.6,11.2,"UA32140050000046018"
0.3,6.5,"UA32040050000077950"
-6.5,23.8,"UA32080110000056605"
2.5,15.9,"UA32020050000062595"
-3,18,"UA32100030000066252"
-2.5,16.6,"UA32080130000056481"
3.2,18.3,"UA32060110000050416"
1.8,7.6,"UA32040090000083028"
-2.8,25.8,"UA32100050000082904"
-10,63.2,"UA32080150000035443"
8.8,35.4,"UA32120050000067577"
0,16,"UA32140090000085800"
3.2,11.4,"UA32140110000089620"
3,8.7,"UA32120070000050717"
-1.3,16.3,"UA32080170000086616"
-6.9,21.3,"UA32080190000081428"
2.1,12.6,"UA32020090000022264"
-3,12.4,"UA32080210000074136"
3.8,35.4,"UA32040110000047477"
-0.7,11.3,"UA32100070000076283"
1.4,8.2,"UA32100090000060111"
-0.8,4.6,"UA32100110000030685"
1.1,12.1,"UA32040130000049927"
4.4,29.3,"UA32020130000010013"
6.6,37.7,"UA32020150000040878"
-0.1,24.3,"UA32100130000093505"
5.8,26.1,"UA32020170000020698"
6.9,32.4,"UA32020190000084133"
4.6,25.2,"UA32120150000062718"
4.2,66.3,"UA32140150000040954"
2,17.1,"UA32120170000094084"
0.1,11.9,"UA32140170000038368"
4.8,35.7,"UA32040210000086086"
0.8,12,"UA35040030000074104"
1.6,16.4,"UA35060090000091976"
1.6,21,"UA35060150000073710"
0.9,8.6,"UA35080010000032386"
0.8,10.7,"UA35040290000046019"
0.2,3.6,"UA35060010000018331"
0.5,6.6,"UA35040050000013889"
0.4,4.1,"UA35060250000057436"
0.3,5.7,"UA35040150000097644"
0.4,8.8,"UA35040270000084621"
0.8,15.1,"UA35040190000012514"
0.8,15.4,"UA35060230000086264"
0.9,10.6,"UA35060190000079777"
0.6,6.9,"UA35040090000082553"
0.6,9.3,"UA35080030000042560"
1.1,13.3,"UA35080150000074379"
1.1,14.3,"UA35060050000025668"
0.3,5.3,"UA35060110000056063"
0.3,6.1,"UA35060170000071056"
0.5,8.7,"UA35080130000048304"
1.2,23.4,"UA35080110000063919"
0.2,4.2,"UA35060030000099117"
0.2,5.7,"UA35040070000034432"
0.4,6,"UA35060070000071148"
25.4,253.4,"UA35040210000014072"
0.4,6.2,"UA35040010000022631"
2.2,23.2,"UA35020010000028961"
1,12,"UA35020030000022644"
2.7,27,"UA35020050000014205"
1.4,17.3,"UA35020070000018243"
1.8,27.9,"UA35040110000055821"
1,11.7,"UA35020090000039429"
3.7,31.3,"UA35040130000021732"
0.9,13.6,"UA35040170000065192"
0.1,4.3,"UA35020110000013511"
1,15.3,"UA35040230000015609"
1.5,13.7,"UA35020130000045875"
2.5,28.7,"UA35060130000087718"
2.2,26.9,"UA35040250000048915"
10.9,96.2,"UA35080050000038829"
1.6,18.2,"UA35080070000016791"
0.5,5.5,"UA35080090000078673"
0.3,4.7,"UA35020150000027557"
0.8,7.1,"UA35020170000076448"
0.7,9.5,"UA35020190000025203"
0.4,10.4,"UA35060210000019042"
7.5,61,"UA35080170000077673"
0.9,12.4,"UA35040310000035890"
0.7,12.4,"UA35040330000014430"
6.8,21.5,"UA44100010000048313"
6.8,29.5,"UA44140090000072167"
4.3,13.2,"UA44140130000089782"
1.5,17.2,"UA44100130000017965"
37,59.3,"UA44140010000036188"
-0.4,7.4,"UA44100050000027880"
-0.1,5.1,"UA44100090000087782"
0.9,5.2,"UA44100070000070448"
0.6,4.8,"UA44140150000072734"
27.7,41.4,"UA44140050000026566"
-0.3,2.8,"UA44100030000094890"
1.1,10.6,"UA44140030000070201"
-8.1,24.4,"UA44120010000044132"
10.4,32,"UA44120030000094047"
-30,81.8,"UA44120050000066819"
14.9,29.4,"UA44140070000058445"
0.5,7.5,"UA44160010000053248"
7,27.7,"UA44160030000020916"
-10.5,14.1,"UA44120070000073915"
-8.1,50.7,"UA44120090000062828"
3.5,29.4,"UA44100110000061602"
2.1,115.4,"UA44120110000010163"
10.9,33.6,"UA44160050000040019"
21.8,49.7,"UA44140110000056578"
0.2,6.7,"UA44160070000013725"
2.3,22.9,"UA44160090000075695"
0.9,18.7,"UA46080010000010628"
0.5,7.5,"UA46100010000066018"
0.4,6.5,"UA46040050000062043"
0.6,14.7,"UA46080070000035761"
0.6,8.4,"UA46100250000088835"
1.2,25.3,"UA46100270000094052"
1.4,33.1,"UA46140030000023506"
0.6,13.3,"UA46140070000010135"
1.1,21.7,"UA46060090000017373"
0.6,10.7,"UA46060150000060045"
0.5,11.1,"UA46140090000079730"
0.6,10,"UA46060030000020652"
0.4,12.3,"UA46100170000077437"
0.3,8.5,"UA46060350000036006"
1.7,15.1,"UA46060430000091455"
0.4,12.1,"UA46060450000037997"
1.3,26.4,"UA46080110000050484"
5,19.1,"UA46100210000027970"
0.5,16.4,"UA46120030000069375"
1,22.1,"UA46060190000038354"
0.4,10,"UA46060270000027170"
0.6,17.2,"UA46060010000049728"
1.5,21.1,"UA46060170000014754"
0.5,12.5,"UA46120070000071541"
0.7,19.2,"UA46020050000037271"
1.5,34.4,"UA46120090000051307"
0.6,15.1,"UA46120010000054878"
1.2,24.3,"UA46080030000048662"
3.1,41.8,"UA46020010000073886"
2.4,41.5,"UA46040010000033885"
1.5,31.2,"UA46040030000058332"
0.5,10,"UA46060050000016451"
1.8,41.3,"UA46060070000047720"
0.6,12.6,"UA46100030000016064"
1.4,21,"UA46080050000015399"
0.4,16.4,"UA46060110000011684"
0.8,12.1,"UA46120050000027080"
9.1,129.5,"UA46020030000019252"
1.3,18.7,"UA46100050000053848"
1.8,36.2,"UA46060130000059055"
0.9,12.5,"UA46100070000076013"
2.7,51.6,"UA46040070000032075"
0.6,20.2,"UA46140010000081849"
1.3,12.6,"UA46100090000076723"
0.7,14.4,"UA46060210000047788"
0.9,17.6,"UA46040090000012087"
0.3,11.9,"UA46060230000093092"
106.1,883.3,"UA46060250000025047"
1.8,34.7,"UA46100110000018989"
4.2,18.3,"UA46100130000048262"
2.1,38.7,"UA46100150000087495"
2.8,54.1,"UA46140050000054478"
0.7,19.2,"UA46060290000052876"
0.5,8.1,"UA46060310000086550"
0.9,24.5,"UA46060330000065074"
0.4,11.5,"UA46040110000093394"
0.2,7.5,"UA46040130000035029"
1,16.1,"UA46060370000065608"
1.2,26.8,"UA46060390000035967"
1.1,14,"UA46080090000029798"
3.6,40.2,"UA46080130000077112"
2.4,22.4,"UA46100190000081766"
3.2,54.6,"UA46120110000062257"
0.9,9.4,"UA46060410000052681"
1.6,22.5,"UA46080150000050321"
8.6,106.9,"UA46100230000047305"
1.2,15.4,"UA46080170000064605"
4.3,20.5,"UA46020070000056149"
13.6,52.7,"UA46020090000057315"
1.5,23.9,"UA46080190000096121"
1.5,16.5,"UA46080210000051983"
6.4,94.5,"UA46120130000026331"
2.2,53.9,"UA46140110000063568"
-0.8,6.6,"UA48060130000035572"
-2.7,18.9,"UA48020010000091496"
0.3,9.2,"UA48040190000026236"
1.8,19.2,"UA48040050000011284"
0.6,15.4,"UA48060050000074873"
1.1,15.5,"UA48040090000070960"
1.6,10.5,"UA48060230000098265"
3.2,11.8,"UA48060030000055210"
0.3,7.5,"UA48080070000061107"
0.4,6,"UA48080030000050927"
0.1,5.3,"UA48040030000013036"
-3.8,3.6,"UA48060070000087404"
1.9,9.6,"UA48060090000097375"
0.3,4.6,"UA48040150000011861"
0.4,4.6,"UA48060190000070297"
0.2,7.7,"UA48040210000049987"
1.7,6.9,"UA48060350000011218"
-7.2,7,"UA48060370000016130"
0.3,5.7,"UA48040110000015580"
2,15.4,"UA48060010000061913"
0.3,5.2,"UA48040230000012964"
-0.1,3.2,"UA48020070000050731"
1.1,15.6,"UA48020130000080862"
-1.6,1.7,"UA48020230000095751"
1,5.1,"UA48060290000080246"
0.5,10.6,"UA48080010000048763"
-0.4,34.4,"UA48040070000056126"
-3.9,14.9,"UA48020030000061219"
1.2,19.3,"UA48020150000051082"
-8.3,14.4,"UA48020190000083597"
0.4,5.8,"UA48020050000023194"
-1.4,5.7,"UA48020090000069919"
0.5,8.6,"UA48080110000010732"
0.4,5.2,"UA48040170000057262"
0.6,6.2,"UA48020210000024814"
0.5,5.2,"UA48060330000083035"
1.3,8.3,"UA48060170000025778"
1.2,12.9,"UA48040010000016403"
1.1,17.4,"UA48080050000053070"
0.9,15.3,"UA48040130000074078"
-0.5,7.7,"UA48020110000020969"
2.7,12.2,"UA48060110000055792"
1.9,25,"UA48080090000029942"
-88,382,"UA48060150000071713"
2.6,19.8,"UA48060210000081533"
-5.1,9.3,"UA48060250000061313"
4.1,73.3,"UA48080130000028458"
-5.5,3.7,"UA48060270000044708"
0,5.5,"UA48020170000082529"
0.3,5.9,"UA48080150000083195"
1.5,10.2,"UA48060310000084930"
2.9,44.6,"UA48040250000044166"
1.6,34.9,"UA51120030000075494"
0.5,23.1,"UA51100030000027628"
0.2,13.5,"UA51140010000090773"
0.4,13.3,"UA51100190000060999"
0.1,6.6,"UA51040110000040346"
0.1,4.1,"UA51020230000068053"
0,3.5,"UA51040270000028361"
0.1,4,"UA51020170000041393"
0,6.5,"UA51140050000054980"
0.4,10.2,"UA51020310000020019"
0.2,6.4,"UA51020110000041005"
0.2,8.8,"UA51100430000081326"
0.5,21.8,"UA51120110000047677"
0.6,16.9,"UA51020030000095942"
0.6,18.7,"UA51040230000018414"
0.4,15.1,"UA51040310000071545"
0.6,13.3,"UA51080010000087690"
2.5,22.8,"UA51100010000023950"
0.3,14.6,"UA51100130000021533"
0.1,4.6,"UA51040090000096249"
0.2,12.7,"UA51100210000074534"
0.1,5,"UA51140170000019764"
0.1,8.4,"UA51020070000019684"
0.4,13.3,"UA51040130000049323"
5.6,20.3,"UA51100290000027993"
1.6,34.8,"UA51080050000022808"
0.5,21.6,"UA51120130000064324"
0.5,19.6,"UA51120150000080138"
0.3,10.2,"UA51100110000098468"
0.1,6.1,"UA51020050000075980"
0.1,5,"UA51140030000062458"
0.3,7.6,"UA51120070000097161"
0.1,5.2,"UA51020010000012094"
0.1,8.2,"UA51020090000073639"
0,5.2,"UA51140110000053825"
0.1,4.8,"UA51020190000074479"
0,2.1,"UA51020290000017926"
1.1,22.8,"UA51120010000025020"
1.2,32.3,"UA51060010000033212"
1.9,49.6,"UA51040010000016896"
2,27.7,"UA51060030000044366"
0.4,17.2,"UA51060050000061243"
0.4,11.9,"UA51060070000052726"
0.2,12.5,"UA51100050000066202"
0.8,17.7,"UA51100070000063635"
0,12.1,"UA51100090000094901"
0.9,15.4,"UA51060090000014997"
0.2,10.7,"UA51100150000090671"
0.1,5.7,"UA51040030000095700"
0.2,15.4,"UA51100170000087238"
0,3.9,"UA51120050000071748"
0.2,13.2,"UA51140070000052649"
8,78,"UA51080030000048246"
0.1,4.9,"UA51040050000073907"
1.1,25.2,"UA51120090000035170"
0.1,4.4,"UA51060110000077844"
0.5,9.9,"UA51060130000042133"
0.2,5.8,"UA51040070000074000"
0.1,8.4,"UA51020130000060117"
0.2,14.4,"UA51140090000048720"
0.3,7.3,"UA51020150000090298"
0.8,13.5,"UA51100230000045500"
0.4,15.8,"UA51100250000055079"
100.1,1110.7,"UA51100270000073549"
0.1,5.1,"UA51060150000016544"
0,7.7,"UA51040150000087491"
0.3,5.6,"UA51120170000076247"
0.1,8.3,"UA51040170000036391"
1.1,43.8,"UA51120190000044451"
0.1,7.9,"UA51020210000019597"
3.9,39.1,"UA51080070000040493"
0.6,33.1,"UA51140130000082333"
1.2,18.9,"UA51120210000054996"
0.1,16.6,"UA51040190000058077"
1.7,43.8,"UA51080090000065506"
0.2,9.5,"UA51040210000057879"
0,3.4,"UA51120230000084853"
0,4.5,"UA51020250000084082"
0,7,"UA51140150000095416"
0.1,2.8,"UA51020270000068435"
0.4,12.2,"UA51080110000079212"
1,21.7,"UA51060170000068967"
0.6,24.5,"UA51040250000099866"
0.2,5.6,"UA51060190000067242"
0.1,10.1,"UA51100310000010196"
0.4,15.4,"UA51100330000051757"
0.1,7.1,"UA51040290000011852"
3.9,22.1,"UA51100350000087099"
6.1,76.8,"UA51100370000040590"
-0.1,7.8,"UA51100390000087217"
3.8,39.1,"UA51100410000059549"
0.6,5.8,"UA53060010000060316"
2.9,27.7,"UA53020010000035494"
0.4,5.2,"UA53020170000049108"
3.9,33.6,"UA53040090000048649"
1.4,16.3,"UA53020190000090557"
0.2,3.1,"UA53020210000023587"
1.5,18.6,"UA53020230000086353"
2.2,20.3,"UA53060330000036503"
2.1,10.8,"UA53080410000094938"
2.9,28.7,"UA53080390000027656"
1.3,8.4,"UA53060070000077527"
0.3,3,"UA53060310000047988"
1.5,12.5,"UA53060030000045288"
2.9,23.9,"UA53040010000091190"
1.4,8.4,"UA53080190000081150"
2.2,24,"UA53060190000015369"
0.6,6.4,"UA53080270000062586"
0.5,4.6,"UA53080070000036333"
0.4,5.4,"UA53080290000024637"
3.7,25.5,"UA53080310000072384"
0.4,5.1,"UA53020130000091122"
0.9,8.4,"UA53060290000047345"
0.5,4.6,"UA53060250000043118"
1.2,14.7,"UA53020090000045206"
1.4,13.2,"UA53080250000097618"
3.3,16.4,"UA53080470000053547"
0.6,6.4,"UA53020150000098867"
0.6,8.5,"UA53080230000047239"
1.7,13.7,"UA53080430000085474"
0.6,5.5,"UA53080150000085889"
0.5,4.5,"UA53060170000064030"
1.7,9.9,"UA53080350000070563"
1.3,11.1,"UA53040130000097690"
2.7,29.2,"UA53060090000098426"
9.2,63.9,"UA53020030000081709"
0.8,7.1,"UA53080330000062155"
0.8,7.7,"UA53060050000024229"
1,6.3,"UA53060110000084138"
3.3,27,"UA53080090000014431"
1.2,11,"UA53040050000091161"
0.6,5.4,"UA53060270000016329"
2.1,13.4,"UA53080010000088479"
0.8,5.2,"UA53080030000061078"
2,16.9,"UA53020050000041411"
2.4,20.1,"UA53080050000011754"
1.2,12.3,"UA53060130000040567"
0.8,11.7,"UA53020070000049284"
4,24.3,"UA53080110000062015"
4.3,29.9,"UA53080130000014699"
0.9,9,"UA53060150000093603"
1.9,16.1,"UA53080170000047487"
32.9,251,"UA53020110000092487"
8.2,75.7,"UA53040030000088898"
0.9,5.9,"UA53060210000044776"
0.9,5.5,"UA53080210000072644"
9.7,58.5,"UA53060230000098362"
1.4,16.6,"UA53040070000083099"
55.6,361.1,"UA53080370000025447"
3.7,35.4,"UA53040110000034949"
3.1,16,"UA53080450000087891"
0.1,7,"UA56060010000018261"
0.1,4.2,"UA56060070000034529"
0.2,10.6,"UA56080090000098391"
0.1,6.3,"UA56080110000056503"
0.1,1.9,"UA56040230000032182"
0.9,19.4,"UA56040290000025511"
0.2,9.1,"UA56040150000039275"
0.3,5.8,"UA56040270000014394"
0.4,7.1,"UA56040170000050651"
0,5.9,"UA56020110000024586"
0.4,7.8,"UA56040330000091100"
0.1,5.8,"UA56080050000068593"
0.3,7.5,"UA56040130000011543"
1,20.5,"UA56040190000045841"
0.1,3.2,"UA56040030000031906"
0.2,6.4,"UA56060190000073111"
0.1,5.9,"UA56040210000047101"
0.1,5.5,"UA56040010000048910"
0.1,8,"UA56040350000014945"
0,2.7,"UA56040370000063056"
0.7,14.4,"UA56060290000044465"
0.2,11.4,"UA56080130000056682"
0.3,12.2,"UA56040090000093293"
0.2,5.8,"UA56060390000090915"
0.5,10.2,"UA56060430000081857"
0.3,10.8,"UA56060510000062151"
0.1,2.9,"UA56040250000064519"
0.2,6,"UA56060210000017052"
0.3,7.7,"UA56060330000075139"
0,7,"UA56080190000032614"
2,54.5,"UA56020030000068439"
2.1,44.3,"UA56060450000083945"
0.1,7.2,"UA56080210000074337"
0.1,5.7,"UA56060370000023028"
0.3,6,"UA56020010000027956"
0.1,3.8,"UA56060110000087064"
0.1,12.9,"UA56080030000069650"
0.2,7.3,"UA56060130000072276"
0.1,6.2,"UA56020090000066575"
0.2,5.9,"UA56020130000066130"
0.2,7.4,"UA56020150000079107"
0.1,4.5,"UA56040310000052028"
0.1,12.1,"UA56080010000083302"
2.4,53.3,"UA56060030000057923"
0.5,10.3,"UA56060050000010769"
0.1,5.5,"UA56040050000074861"
0.1,8,"UA56060090000066065"
0.2,4.7,"UA56040070000046270"
1.1,27.5,"UA56020050000087443"
0.2,10.8,"UA56060150000079268"
0.8,23.6,"UA56060170000073171"
2.4,39.3,"UA56040110000061997"
1.1,35.7,"UA56080070000040721"
0.7,29.3,"UA56020070000060676"
0.2,10.1,"UA56060230000076543"
1.7,33,"UA56060250000052338"
0.4,13.7,"UA56060270000047362"
1.3,25.5,"UA56060310000066585"
1.9,45.7,"UA56060350000045909"
0.2,14.2,"UA56060410000055190"
19.1,271.1,"UA56060470000086729"
1.2,40.6,"UA56080150000069525"
1.3,67,"UA56080170000055864"
0.3,7,"UA56060490000031684"
0.5,5.3,"UA59100010000064812"
-0.9,4.4,"UA59100050000059594"
-0.1,4.6,"UA59100090000041284"
1.1,7.1,"UA59040070000045520"
0.4,12.4,"UA59080130000022249"
1.2,15.1,"UA59060090000012687"
-1.2,4.9,"UA59080290000021284"
-0.9,3.2,"UA59100150000074932"
-0.1,3.3,"UA59080010000078468"
-0.1,4.9,"UA59040010000075530"
1.5,6.8,"UA59040050000033127"
-0.1,6.6,"UA59080150000013842"
-1.1,3.1,"UA59080170000056499"
0.1,5.8,"UA59080190000095280"
0.5,5,"UA59060030000069916"
0.2,35.3,"UA59020090000085438"
-3.8,16.6,"UA59080090000092991"
0,4.2,"UA59020010000024157"
-0.7,19,"UA59020030000072865"
-0.1,9.7,"UA59020050000012539"
0.2,3.9,"UA59060050000060884"
0.4,3.4,"UA59040090000041737"
2.5,12.1,"UA59040150000076482"
-0.8,4.1,"UA59020110000066430"
0.1,10.9,"UA59080250000082875"
-1.6,26.5,"UA59040130000041676"
-0.1,5.9,"UA59080050000061215"
0.7,6.2,"UA59040170000054314"
0.3,8.7,"UA59060010000042952"
-5.3,85.2,"UA59100170000093676"
6.1,273.2,"UA59080270000073662"
0.8,13.3,"UA59060070000040784"
0.5,4.5,"UA59080210000075243"
0.6,88,"UA59020070000032449"
-6.9,15.7,"UA59080030000075526"
0.5,5,"UA59060130000041204"
-8,39.6,"UA59040110000026694"
0,20.3,"UA59020150000078955"
-0.9,9.1,"UA59040030000060142"
-1.4,6.7,"UA59080070000062635"
-2.2,35.8,"UA59100030000078744"
-1.2,4.2,"UA59100070000019079"
0.8,42.3,"UA59080110000034361"
-0.1,12.9,"UA59020130000060377"
1.4,55.7,"UA59060110000049734"
0.1,10.1,"UA59080230000084731"
-1,7.2,"UA59100110000012703"
-1.8,8.5,"UA59100130000041016"
0.2,5.9,"UA59060150000055022"
-1.3,4.4,"UA59080310000049988"
1,9,"UA59100190000010734"
0.9,12.9,"UA61040010000042862"
0.3,11,"UA61060010000070653"
0.2,8.1,"UA61060090000060396"
0.6,11.7,"UA61040110000010646"
1.1,16.5,"UA61060130000045755"
0.2,7,"UA61060150000032895"
0.5,8,"UA61040190000027979"
0.5,15.6,"UA61060190000016283"
0.2,4.2,"UA61040210000084270"
0.2,4.5,"UA61040250000021345"
0.2,6.6,"UA61060230000067504"
0.1,6,"UA61060270000084790"
0.2,5.3,"UA61020110000084342"
0.9,17.2,"UA61060290000038953"
1.1,18.1,"UA61040290000047781"
0.3,7.3,"UA61040330000096161"
1.3,19.7,"UA61040350000078247"
2.1,19.8,"UA61020130000037505"
0.8,10.8,"UA61060350000024021"
0.7,13.9,"UA61040430000018305"
0.3,8.4,"UA61040450000064468"
2.5,32.8,"UA61040470000038207"
1.3,25.8,"UA61020150000036935"
1.7,30.4,"UA61060050000068464"
1.1,18.4,"UA61020050000098539"
0.3,9.7,"UA61060110000078824"
0.3,10.7,"UA61040130000085402"
0.2,4.1,"UA61060030000070527"
0.4,6.6,"UA61020010000028670"
0.4,6.6,"UA61020030000060484"
0.3,8.9,"UA61060390000013361"
0.2,6.5,"UA61040410000065219"
1.3,22.7,"UA61020090000020422"
0.5,14,"UA61060410000092242"
0.7,19.7,"UA61040170000086062"
1,19.1,"UA61060370000081851"
0.7,11.5,"UA61040050000096355"
0.7,13.6,"UA61060250000062700"
0.1,3.8,"UA61040270000064661"
0.8,19.8,"UA61060310000061998"
2.4,28.6,"UA61040030000060956"
28.8,256.4,"UA61040490000035010"
0.3,6.3,"UA61040090000047241"
0.3,7,"UA61040310000059301"
2.9,39.3,"UA61060430000094264"
1.4,38.7,"UA61060070000098188"
2,25.1,"UA61040070000079091"
2.1,28.7,"UA61060170000051011"
2.5,40.9,"UA61040150000098181"
0.1,4.8,"UA61060210000021722"
1.3,26,"UA61040230000060213"
3.1,44.7,"UA61020070000092368"
0.1,8.6,"UA61060330000041227"
0.8,17,"UA61040370000060170"
0.6,7.8,"UA61040390000066619"
