hromada_code,hromada_name,sum_osbb_2020,sum_osbb_2019,sum_osbb_2018,sum_osbb_2017,sum_osbb_2016,sum_osbb_2015
UA14160010000086090,Авдіївська,30,29,25,25,23,12
UA01200030000060465,Алуштинська,134,134,135,135,135,135
UA44020010000067642,Алчевська,35,35,35,35,35,35
UA14080010000095044,Амвросіївська,3,3,4,4,4,4
UA51120010000025020,Ананьївська,4,4,3,3,2,2
UA18020010000059904,Андрушівська,0,0,0,0,0,0
UA44080010000030435,Антрацитівська,19,19,19,19,19,19
UA12060010000090992,Апостолівська,1,1,1,0,0,0
UA01140010000036312,Армянська,2,2,2,2,2,2
UA14020010000088496,Бахмутська,189,188,163,151,139,77
UA51060010000033212,Арцизька,2,2,2,2,2,2
UA63040010000010092,Балаклійська,28,28,28,28,28,26
UA51120030000075494,Балтська,5,5,4,3,2,1
UA05060010000053179,Барська,26,26,26,26,24,17
UA18080010000090720,Баранівська,1,1,1,1,1,1
UA74040010000076097,Батуринська,9,9,9,9,9,9
UA74040030000093042,Бахмацька,18,18,16,16,16,13
UA01020050000056842,Бахчисарайська,4,4,5,5,5,5
UA48020010000091496,Баштанська,52,52,52,52,52,51
UA18020030000035625,Бердичівська,162,162,160,155,150,90
UA23020050000046501,Бердянська,222,221,212,210,207,167
UA21020030000019624,Берегівська,60,60,57,51,48,38
UA61040030000060956,Бережанська,139,139,136,127,124,118
UA32060030000048241,Березанська,4,4,4,4,4,4
UA56060030000057923,Березнівська,31,30,29,29,29,28
UA65020010000060480,Бериславська,26,26,25,25,24,13
UA05040010000022470,Бершадська,1,1,1,1,1,1
UA46060010000049728,Бібрська,3,3,2,2,1,1
UA32020010000093088,Білоцерківська,121,121,117,115,112,59
UA51040010000016896,Білгород-Дністровська,96,96,95,91,89,65
UA01040050000043618,Білогірська,3,3,3,3,3,3
UA59080030000075526,Білопільська,5,5,1,1,0,0
UA51100030000027628,Біляївська,41,41,41,41,32,11
UA35040030000074104,Бобринецька,1,1,1,1,1,1
UA63020010000079018,Богодухівська,23,23,21,21,20,17
UA32120010000062762,Богуславська,14,14,13,13,13,3
UA51060030000044366,Болградська,17,17,17,16,14,10
UA26060010000037638,Болехівська,1,1,1,1,1,0
UA74040070000086652,Борзнянська,1,1,1,1,1,1
UA46020010000073886,Бориславська,101,100,77,70,64,33
UA32040010000010116,Бориспільська,40,40,37,30,29,25
UA61060050000068464,Борщівська,29,29,29,28,28,25
UA32140030000074165,Боярська,27,27,24,24,23,17
UA32060050000030591,Броварська,84,84,78,73,69,53
UA46040010000033885,Бродівська,64,64,58,55,54,51
UA44020050000061272,Кадіївська,166,166,167,167,167,167
UA59020030000072865,Буринська,5,5,5,5,5,5
UA26040070000065724,Бурштинська,5,5,5,5,5,4
UA46040030000058332,Буська,12,11,10,9,9,6
UA32080070000050759,Бучанська,31,31,26,22,19,13
UA61060070000098188,Бучацька,47,47,41,39,32,12
UA63020030000094096,Валківська,21,21,18,17,17,13
UA56020030000068439,Вараська,62,61,35,35,33,3
UA23040030000061166,Василівська,13,13,6,6,6,3
UA32120030000030458,Васильківська,17,17,17,17,17,5
UA71020030000059581,Ватутінська,4,4,4,4,3,1
UA73020070000035367,Вашківецька,3,3,3,3,3,3
UA46120030000069375,Великомостівська,2,2,2,2,2,2
UA12040050000057182,Верхньодніпровська,12,12,8,8,8,4
UA73020090000031499,Вижницька,2,2,2,2,2,2
UA51080010000087690,Вилківська,3,3,3,3,3,3
UA21020110000091104,Виноградівська,13,13,8,8,7,5
UA32100010000094393,Вишгородська,20,20,18,17,17,8
UA32080090000011038,Вишнева,39,39,32,31,30,22
UA12040090000029346,Вільногірська,9,9,9,9,9,9
UA23060030000037089,Вільнянська,11,11,9,7,7,4
UA05020030000031457,Вінницька,656,652,563,471,435,360
UA63140010000049419,Вовчанська,26,26,26,26,26,21
UA48040070000056126,Вознесенська,146,144,136,127,124,96
UA14040030000025138,Волноваська,21,21,22,22,22,15
UA07020010000096841,Володимир-Волинська,39,38,26,24,23,16
UA68040090000087566,Волочиська,14,14,14,11,10,8
UA59080070000062635,Ворожбянська,38,38,39,38,38,38
UA14060010000010738,Вуглегірська,9,9,9,9,9,9
UA14040050000064688,Вугледарська,90,90,88,87,86,58
UA53060090000098426,Гадяцька,4,4,4,4,4,4
UA35020050000014205,Гайворонська,0,0,0,0,0,0
UA05040030000050131,Гайсинська,11,11,11,11,11,10
UA26040090000025932,Галицька,4,4,4,4,4,4
UA65040010000061104,Генічеська,46,46,46,45,44,40
UA53020010000035494,Глобинська,3,3,3,3,3,3
UA59100030000078744,Глухівська,26,26,25,24,20,14
UA05020070000010139,Гніванська,24,24,24,19,5,5
UA65080030000058401,Голопристанська,25,24,23,22,22,13
UA53020030000081709,Горішньоплавнівська,35,35,34,34,34,17
UA14060030000084305,Горлівська,41,41,41,41,41,41
UA26080030000014307,Городенківська,4,4,4,4,4,4
UA71080110000055395,Городищенська,3,3,3,3,3,3
UA74100050000019554,Городнянська,2,2,0,0,0,0
UA46060070000047720,Городоцька,51,50,47,43,37,18
UA68040130000024471,Городоцька,14,14,14,13,13,12
UA07080070000052255,Горохівська,23,23,19,17,14,8
UA53040010000091190,Гребінківська,7,7,6,5,4,1
UA23100070000026535,Гуляйпільська,7,7,6,4,4,4
UA14060050000034979,Дебальцівська,10,10,10,10,10,10
UA68040150000077185,Деражнянська,14,14,13,13,13,11
UA63120070000018741,Дергачівська,3,3,4,4,4,3
UA01060050000010421,Джанкойська,4,4,6,6,6,6
UA14020110000075529,Торецька,80,75,56,28,27,13
UA12020010000033698,Дніпровська,1094,1093,1021,910,857,354
UA23040090000031823,Дніпрорудненська,20,19,18,17,16,8
UA14160070000097326,Добропільська,226,226,225,220,219,188
UA44040010000091230,Довжанська,70,70,70,70,70,70
UA14100030000067479,Докучаєвська,39,39,39,39,39,39
UA26060130000047466,Долинська,45,44,36,36,34,31
UA35040110000055821,Долинська,12,12,12,12,12,9
UA14080030000053877,Донецька,245,245,252,252,252,252
UA46020030000019252,Дрогобицька,218,218,204,198,187,134
UA59100050000059594,Дружбівська,10,10,10,10,10,9
UA14120030000057882,Дружківська,13,13,13,13,13,12
UA46060250000025047,Львівська,1502,1490,1245,1147,1037,589
UA56040110000061997,Дубенська,64,64,59,59,58,53
UA56080070000040721,Дубровицька,7,7,6,5,5,4
UA68020050000040518,Дунаєвецька,12,12,10,10,10,9
UA23040110000019947,Енергодарська,51,42,7,6,6,1
UA01080150000090077,Євпаторійська,97,97,97,97,97,97
UA14060070000066382,Єнакієвська,32,32,32,32,32,32
UA71060090000088339,Жашківська,8,8,8,8,6,4
UA14060090000054042,Жданівська,37,37,37,37,37,37
UA46100050000053848,Жидачівська,1,1,1,1,1,1
UA18040190000029215,Житомирська,325,321,274,252,218,70
UA05060050000058111,Жмеринська,39,39,42,42,41,37
UA46060130000059055,Жовківська,26,26,19,19,18,11
UA12040110000091524,Жовтоводська,138,138,86,66,59,6
UA53060130000040567,Заводська,7,7,7,7,7,7
UA61060170000051011,Заліщицька,43,43,42,40,37,31
UA23060070000082704,Запорізька,1041,1035,949,877,822,129
UA61040150000098181,Збаразька,41,41,44,44,43,35
UA61040170000086062,Зборівська,9,9,9,8,8,8
UA71020130000086047,Звенигородська,23,23,23,22,22,20
UA56060250000052338,Здолбунівська,67,67,65,56,53,23
UA12060130000012028,Зеленодольська,1,1,2,2,2,2
UA53080090000014431,Зіньківська,18,18,18,18,18,15
UA63140030000091352,Зміївська,6,6,6,6,6,5
UA35040130000021732,Знам’янська,73,73,71,71,70,46
UA71040090000047664,Золотоніська,19,19,19,18,16,9
UA46040070000032075,Золочівська,166,165,159,158,142,103
UA26040190000081578,Івано-Франківська,350,348,324,303,269,193
UA51080030000048246,Ізмаїльська,39,39,38,37,33,20
UA63040090000021240,Ізюмська,37,37,35,34,32,20
UA68060090000093924,Ізяславська,0,0,0,0,0,0
UA05020090000067118,Іллінецька,4,4,4,4,4,4
UA51100370000040590,Чорноморська,44,44,44,42,41,33
UA32080150000035443,Ірпінська,225,223,203,174,144,111
UA21120130000025618,Іршавська,2,2,0,0,0,0
UA74080030000040714,Ічнянська,24,24,23,23,23,18
UA32120050000067577,Кагарлицька,12,12,12,11,11,9
UA05120070000075759,Калинівська,12,12,12,12,10,9
UA26060170000091466,Калуська,32,32,24,21,15,9
UA68020110000071202,Кам’янець-Подільська,183,182,177,167,159,135
UA71080130000078619,Кам’янська,9,9,9,9,8,8
UA46060190000038354,Кам’янка-Бузька,60,60,58,52,52,21
UA23040130000044084,Кам’янсько-Дніпровська,2,2,2,2,2,2
UA12040150000015189,Кам’янська,71,71,66,60,59,43
UA07040010000033507,Камінь-Каширська,1,1,1,1,1,1
UA71080150000071745,Канівська,23,23,23,23,22,20
UA53080110000062015,Карлівська,36,36,33,33,32,27
UA65060110000017055,Каховська,89,89,68,63,60,35
UA01100210000043998,Керченська,11,11,11,11,11,11
NA,NA,1665,1659,1518,1392,1258,924
UA07080110000043895,Ківерцівська,25,25,22,21,17,9
UA51080050000022808,Кілійська,3,3,2,2,2,2
UA35040210000014072,Кропивницька,94,94,86,81,69,21
UA73060290000034305,Кіцманська,7,7,7,7,7,6
UA53080130000014699,Кобеляцька,16,16,16,16,15,11
UA07060190000036342,Ковельська,57,55,49,43,41,32
UA51120090000035170,Кодимська,12,12,12,12,12,12
UA05120090000060589,Козятинська,83,82,45,43,39,26
UA26080070000092582,Коломийська,320,319,282,251,165,99
UA59020070000032449,Конотопська,22,22,20,20,19,16
UA61060250000062700,Копичинецька,10,9,8,5,5,5
UA56060310000066585,Корецька,4,4,4,4,4,4
UA18060090000061708,Коростенська,70,70,57,55,41,26
UA18040250000068141,Коростишівська,12,12,10,10,10,4
UA71080170000080118,Корсунь-Шевченківська,42,42,41,41,39,28
UA74020010000010449,Корюківська,6,6,1,1,1,0
UA26100010000076570,Косівська,14,14,14,13,11,9
UA56060350000045909,Костопільська,34,34,30,30,29,19
UA14120070000090878,Костянтинівська,35,35,21,20,18,8
UA14120090000098500,Краматорська,96,96,101,97,97,77
UA68040210000089917,Красилівська,38,38,38,37,36,25
UA14120110000031497,Лиманська,7,7,8,8,8,6
UA14160130000011561,Мар’їнська,3,3,3,3,3,3
UA63060050000033240,Красноградська,26,26,25,24,22,21
UA61020070000092368,Кременецька,38,38,29,24,18,12
UA53020110000092487,Кременчуцька,249,248,230,221,201,156
UA44120030000094047,Кремінська,27,27,20,5,5,3
UA12060170000091033,Криворізька,619,617,532,451,413,170
UA59020090000085438,Кролевецька,2,2,2,2,1,0
UA63080090000067457,Куп’янська,13,13,13,12,12,11
UA14160110000031920,Курахівська,5,5,4,4,4,4
UA61020090000020422,Лановецька,14,14,12,12,12,11
UA59080110000034361,Лебединська,17,17,16,16,15,13
UA05020110000052014,Липовецька,6,5,5,3,3,3
UA44120050000066819,Лисичанська,6,6,6,6,6,3
UA63100050000079487,Лозівська,72,71,61,56,53,28
UA53040030000088898,Лубенська,55,55,56,50,48,32
UA44060010000059164,Луганська,114,114,114,114,114,114
UA44060030000019360,Лутугинська,3,3,3,3,3,3
UA07080170000013585,Луцька,471,467,380,353,314,190
UA07060270000021892,Любомльська,3,3,3,3,3,3
UA63120110000043456,Люботинська,6,6,5,4,4,2
UA14080070000011977,Макіївська,691,691,701,701,701,701
UA35060090000091976,Маловисківська,8,8,8,8,8,1
UA18060130000061781,Малинська,17,17,10,10,10,4
UA12080010000029838,Марганецька,132,132,130,127,121,28
UA14140050000020560,Маріупольська,824,813,679,498,310,69
UA23080070000068953,Мелітопольська,84,84,83,82,78,54
UA74020030000069340,Менська,23,23,23,23,23,18
UA63120150000086206,Мереф’янська,9,9,9,9,9,8
UA48060150000071713,Миколаївська,711,709,647,565,541,301
UA46100110000018989,Миколаївська,15,15,10,9,9,6
UA14120130000086767,Миколаївська,4,4,4,4,4,4
UA53060230000098362,Миргородська,28,28,27,23,21,12
UA14160150000038750,Мирноградська,175,175,157,157,153,114
UA05080050000023603,Могилів-Подільська,67,67,65,60,57,38
UA23100150000023366,Молочанська,10,10,10,10,10,9
UA61060310000061998,Монастириська,3,3,3,3,2,1
UA71060170000092613,Монастирищенська,4,4,4,4,4,4
UA46100130000048262,Моршинська,16,16,14,13,13,4
UA46140030000023506,Мостиська,28,28,26,26,25,14
UA21040150000092428,Мукачівська,69,69,46,43,41,29
UA26120070000067596,Надвірнянська,39,39,33,31,27,20
UA05020170000049432,Немирівська,41,41,40,40,40,40
UA68060170000075276,Нетішинська,47,46,39,27,22,6
UA74040250000063494,Ніжинська,75,74,66,66,64,50
UA12080050000062712,Нікопольська,598,598,574,524,495,368
UA48060210000081533,Новоодеська,46,46,45,45,45,45
UA65060170000032937,Новокаховська,210,208,192,166,158,49
UA74060030000026607,Новгород-Сіверська,32,32,17,17,16,11
UA48020150000051082,Новобузька,12,12,12,10,10,6
UA46100150000087495,Новороздільська,16,14,11,9,8,4
UA14100070000079873,Новоазовська,4,4,4,4,4,4
UA07020130000036300,Нововолинська,200,200,193,184,178,101
UA18080150000022496,Новоград-Волинська,49,49,44,43,40,31
UA14160170000023385,Новогродівська,101,101,103,103,100,99
UA73040130000087963,Новодністровська,1,1,1,1,1,1
UA35060130000087718,Новомиргородська,1,1,1,0,0,0
UA12100070000011492,Новомосковська,61,61,56,46,45,23
UA73060410000077092,Новоселицька,1,1,1,1,1,1
UA35060150000073710,Новоукраїнська,1,1,1,1,1,0
UA46140050000054478,Новояворівська,51,51,47,45,39,24
UA74040290000072674,Носівська,19,19,19,19,19,19
UA32120110000025177,Обухівська,15,15,14,12,12,11
UA51100270000073549,Одеська,1327,1326,1257,1222,1167,439
UA18060190000071101,Олевська,10,10,9,8,6,4
UA35080050000038829,Олександрійська,65,64,53,46,46,29
UA65100110000015344,Олешківська,22,22,22,21,21,3
UA12080090000039979,Покровська,25,25,25,25,24,6
UA23100170000031289,Оріхівська,4,4,4,4,3,2
UA74100310000091595,Остерська,2,2,1,1,1,1
UA56060450000083945,Острозька,16,16,14,13,12,9
UA59040110000026694,Охтирська,53,53,49,47,39,20
UA48060250000061313,Очаківська,103,103,103,103,99,81
UA12040210000039759,П’ятихатська,16,16,10,9,4,1
UA12120070000057518,Павлоградська,359,359,349,341,330,168
UA48080130000028458,Первомайська,86,85,84,81,80,52
UA63100090000052019,Первомайська,10,10,9,9,9,9
UA46060330000065074,Перемишлянська,7,7,7,7,5,3
UA21100130000055002,Перечинська,4,4,3,3,3,2
UA12100090000022751,Перещепинська,2,2,2,2,2,1
UA32040110000047477,Переяславська,15,15,14,14,11,7
UA12140210000089021,Першотравенська,4,4,4,4,4,1
UA53040090000048649,Пирятинська,19,19,15,15,14,6
UA63120190000093717,Південноміська,6,6,6,6,6,1
UA61040370000060170,Підгаєцька,4,4,4,4,2,1
UA12020210000032285,Підгородненська,3,3,3,3,3,3
UA05020210000033427,Погребищенська,3,3,3,3,2,2
UA51120190000044451,Подільська,55,55,55,55,55,47
UA14160210000011148,Покровська,188,188,159,141,131,44
UA23100190000020018,Пологівська,4,4,4,3,3,2
UA53080370000025447,Полтавська,250,249,246,228,215,77
UA35060190000079777,Помічнянська,28,28,28,28,28,11
UA44120070000073915,Попаснянська,18,18,18,18,18,18
UA74080130000060606,Прилуцька,55,54,49,48,48,42
UA23020130000081044,Приморська,7,7,6,6,6,5
UA46060370000065608,Пустомитівська,29,29,26,25,22,13
UA59020150000078955,Путивльська,19,19,19,19,19,12
UA46060390000035967,Рава-Руська,23,23,23,22,20,17
UA46120090000051307,Радехівська,22,22,19,18,17,12
UA56040290000025511,Радивилівська,41,41,39,38,37,37
UA21060050000029937,Рахівська,3,3,3,3,3,3
UA51080070000040493,Ренійська,69,69,69,68,49,2
UA53080390000027656,Решетилівська,5,5,5,5,5,3
UA32120130000012946,Ржищівська,1,1,1,1,1,0
UA56060470000086729,Рівненська,558,555,509,473,413,197
UA44080030000048115,Ровеньківська,8,8,8,8,8,8
UA26040270000047749,Рогатинська,12,12,10,9,9,9
UA07080250000053335,Рожищенська,32,32,22,22,20,18
UA51140130000082333,Роздільнянська,23,23,24,24,24,24
UA59060110000049734,Роменська,68,68,64,64,58,41
UA44120090000062828,Рубіжанська,50,50,48,46,46,30
UA46080110000050484,Рудківська,2,2,2,2,1,1
UA01080650000098466,Сакська,25,25,25,25,25,25
UA46080130000077112,Самбірська,54,54,53,53,51,36
UA56080170000055864,Сарненська,11,11,8,7,7,4
UA21040230000091606,Свалявська,26,26,26,22,21,13
UA44100110000061602,Сватівська,1,1,1,1,0,0
UA35080170000077673,Світловодська,108,104,37,31,24,10
UA14160230000060952,Селидівська,264,264,261,260,255,137
UA74060070000028810,Семенівська,1,1,1,1,1,1
UA44120110000010163,Сєвєродонецька,71,71,67,58,55,26
UA12140310000078816,Синельниківська,16,16,16,16,16,8
UA14020070000070354,Сіверська,3,3,3,3,3,3
UA01160330000011827,Сімферопольська,82,82,83,83,83,83
UA65080150000042499,Скадовська,48,48,50,37,32,27
UA61040430000018305,Скалатська,2,2,2,2,2,2
UA32020150000040878,Сквирська,4,4,4,3,2,1
UA46100190000081766,Сколівська,10,10,9,6,2,2
UA68060270000042174,Славутська,44,44,41,39,38,27
UA32100130000093505,Славутицька,2,2,2,2,1,1
UA14120210000056793,Слов’янська,79,79,72,65,64,57
UA71080390000078978,Смілянська,205,204,183,168,150,109
UA48020190000083597,Снігурівська,65,65,66,66,66,52
UA14060110000052135,Сніжнянська,154,154,154,154,154,154
UA26080230000035462,Снятинська,18,18,18,18,17,17
UA46120110000062257,Сокальська,32,32,26,26,25,18
UA73040170000011490,Сокирянська,5,5,5,4,3,3
UA14020090000073988,Соледарська,7,7,7,7,7,6
UA44040030000034083,Сорокинська,68,68,68,68,68,68
UA46120130000026331,Червоноградська,33,32,31,28,27,9
UA46080150000050321,Старосамбірська,1,1,1,1,0,0
UA44140110000056578,Старобільська,10,10,8,8,8,6
UA68040390000011141,Старокостянтинівська,4,4,3,3,2,0
UA73060490000033679,Сторожинецька,14,13,10,10,10,7
UA46100230000047305,Стрийська,127,127,101,94,80,50
UA01180650000087957,Судацька,33,33,33,33,33,33
UA46140070000010135,Судововишнянська,4,4,3,3,3,2
UA59080270000073662,Сумська,279,278,250,216,192,147
UA71020290000032540,Тальнівська,39,39,39,35,34,32
UA51040250000099866,Татарбунарська,6,6,5,5,5,2
UA51100310000010196,Теплодарська,3,3,3,3,2,2
UA61040470000038207,Теребовлянська,33,33,10,9,8,7
UA12120090000031622,Тернівська,10,10,6,6,6,1
UA61040490000035010,Тернопільська,533,529,491,459,430,333
UA26040330000019235,Тисменицька,11,11,11,9,9,8
UA26040350000024417,Тлумацька,24,24,23,22,16,4
UA23100270000073418,Токмацька,91,90,79,67,63,35
UA59040130000041676,Тростянецька,4,4,4,4,3,3
UA46020090000057315,Трускавецька,130,130,120,112,107,59
UA05100150000050790,Тульчинська,15,15,15,15,10,10
UA46080190000096121,Турківська,3,3,3,3,2,2
UA21080150000014443,Тячівська,5,5,5,4,3,2
UA21100230000083101,Ужгородська,401,401,376,351,311,139
UA32120150000062718,Українська,18,18,12,10,10,3
UA71060210000032972,Уманська,133,132,112,109,105,54
UA32140150000040954,Фастівська,29,29,27,27,25,14
UA01180710000095057,Феодосійська,35,35,34,34,34,34
UA63120270000028556,Харківська,601,599,566,543,511,326
UA14080090000014360,Харцизька,128,128,128,128,128,128
UA65100150000057191,Херсонська,638,637,616,567,542,329
UA68040470000053519,Хмельницька,385,381,353,321,277,235
UA05120170000013778,Хмільницька,1,1,1,1,1,1
UA46100270000094052,Ходорівська,9,9,8,8,7,4
UA53040110000034949,Хорольська,51,51,50,48,43,23
UA61060410000092242,Хоростківська,5,5,4,4,4,4
UA73040190000062796,Хотинська,20,20,19,19,19,12
UA14060130000085167,Хрестівська,93,93,94,94,94,94
UA71060230000095772,Христинівська,28,28,26,19,19,5
UA44080050000055882,Хрустальненська,95,95,95,95,95,95
UA21120250000077532,Хустська,73,73,71,67,57,45
UA14020130000080900,Часовоярська,18,18,18,18,18,17
UA71080490000022110,Черкаська,379,373,318,307,283,142
UA73060610000066784,Чернівецька,331,330,304,285,264,245
UA74100390000073425,Чернігівська,111,111,89,80,70,30
UA71080510000028067,Чигиринська,15,15,15,15,15,12
UA14060150000032950,Чистяківська,69,69,70,70,70,70
UA21100270000015047,Чопська,3,3,3,3,3,1
UA61060430000094264,Чортківська,125,125,106,104,99,84
UA63140170000087785,Чугуївська,80,80,78,77,72,42
UA05060150000094411,Шаргородська,9,9,8,8,8,8
UA14060170000097532,Шахтарська,144,144,144,144,144,144
UA68060330000029010,Шепетівська,54,54,54,52,51,37
UA59100170000093676,Шосткинська,22,22,25,23,21,19
UA71020330000027449,Шполянська,8,8,6,6,6,6
UA61020150000036935,Шумська,2,2,2,2,2,2
UA44160090000075695,Щастинська,3,3,3,2,2,2
UA01100550000039383,Щолкінська,3,3,3,3,3,3
UA51100410000059549,Южненська,55,55,53,53,41,11
UA48040250000044166,Южноукраїнська,68,67,38,29,28,2
UA46140110000063568,Яворівська,48,48,45,32,29,15
UA32040210000086086,Яготинська,13,13,12,11,11,10
UA01200310000097903,Ялтинська,261,261,262,262,262,262
UA05080110000056824,Ямпільська,6,6,6,6,6,5
UA26120150000021671,Яремчанська,16,16,16,14,7,2
UA14080110000066209,Ясинуватська,27,27,28,28,28,28
UA63060070000031032,Наталинська,3,3,3,3,3,3
UA63100010000016136,Біляївська,2,2,2,2,2,2
UA63140110000087562,Слобожанська,13,13,13,13,13,13
UA63080150000094794,Шевченківська,23,23,23,23,23,22
UA65100010000048953,Білозерська,37,37,37,35,35,34
UA63120230000080742,Роганська,1,1,1,1,1,0
UA12020130000022909,Новоолександрівська,3,3,3,3,3,2
UA68020190000052031,Новоушицька,13,13,13,13,13,13
UA14040070000032181,Комарська,1,1,1,0,0,0
UA14120050000033910,Іллінівська,10,10,10,10,10,10
UA63040030000052515,Барвінківська,12,12,12,12,12,11
UA59080130000022249,Миколаївська,1,1,1,1,1,1
UA12080150000061416,Червоногригорівська,19,19,19,19,19,19
UA63100070000048302,Олексіївська,3,3,3,3,3,3
UA46100250000088835,Тростянецька,2,2,1,1,1,1
UA51100350000087099,Фонтанська,29,29,28,26,22,17
UA14160190000059231,Очеретинська,11,11,10,10,10,9
UA71020050000074004,Виноградська,3,3,3,3,3,3
UA12120050000027007,Межиріцька,2,2,2,2,2,2
UA51100010000023950,Авангардівська,8,8,8,8,6,5
UA63040070000092606,Донецька,11,11,12,12,11,10
UA53080410000094938,Скороходівська,0,0,0,0,0,0
UA65060010000033335,Асканія-Нова,9,9,9,9,6,3
UA12040170000019083,Криничанська,1,1,1,1,1,1
UA32060010000086043,Баришівська,2,2,2,2,1,1
UA63120010000021682,Безлюдівська,12,12,12,12,12,4
UA48060010000061913,Березанська,4,4,4,4,4,4
UA48020030000061219,Березнегуватська,1,1,0,0,0,0
UA18040470000074046,Романівська,2,2,3,3,3,3
UA44140010000036188,Біловодська,6,7,7,7,7,7
UA44100010000048313,Білокуракинська,29,29,22,22,21,21
UA63100030000050119,Близнюківська,34,34,34,34,34,34
UA26040030000091528,Богородчанська,16,16,16,11,10,9
UA14100010000054669,Бойківська,20,20,20,20,20,20
UA63040050000042831,Борівська,7,5,5,5,4,4
UA32080030000070006,Бородянська,4,4,4,4,4,4
UA48040010000016403,Братська,4,4,4,3,3,3
UA26060030000011364,Брошнів-Осадська,3,3,2,2,2,2
UA05100030000051497,Вапнярська,1,1,0,0,0,0
UA74080010000063011,Варвинська,3,3,3,3,3,3
UA12140030000091432,Васильківська,4,4,4,4,4,4
UA61040070000079091,Великоберезовицька,22,22,18,17,15,10
UA51140010000090773,Великомихайлівська,9,9,10,10,10,10
UA65060030000075716,Великолепетиська,2,2,2,2,2,2
UA65020050000086746,Великоолександрівська,42,42,42,36,22,20
UA53060030000045288,Великобагачанська,2,2,1,1,1,1
UA14040010000017239,Великоновосілківська,1,1,1,1,1,1
UA21100030000089881,Великоберезнянська,9,9,9,9,9,9
UA46060030000020652,Великолюбінська,1,1,1,1,1,0
UA63080010000040281,Великобурлуцька,1,1,1,1,1,1
UA61040090000047241,Великобірківська,1,1,1,1,0,0
UA26020030000088465,Верховинська,1,1,1,1,1,1
UA23080010000036379,Веселівська,58,58,58,58,58,58
UA48040050000011284,Веселинівська,8,8,8,8,6,5
UA21020090000083647,Вилоцька,2,2,2,2,1,1
UA65020070000029027,Високопільська,7,7,7,7,6,5
UA61020050000098539,Вишнівецька,2,2,1,1,1,0
UA68040030000027335,Вiйтовецька,1,1,1,1,0,0
UA63120250000081463,Солоницівська,15,15,14,14,13,13
UA68040050000052367,Віньковецька,13,13,10,8,8,6
UA26060110000025739,Войнилівська,2,2,2,2,2,1
UA21040050000032164,Воловецька,2,2,0,0,0,0
UA32020030000029575,Володарська,1,1,1,1,1,1
UA14140070000060361,Нікольська,16,16,15,15,15,13
UA56020050000087443,Володимирецька,6,6,5,5,5,5
UA48080050000053070,Врадіївська,1,1,1,1,1,1
UA73060150000088691,Глибоцька,9,9,9,8,7,6
UA07060070000063773,Голобська,1,1,1,1,1,1
UA35020070000018243,Голованівська,1,1,1,1,0,0
UA18040590000064402,Черняхівська,2,2,2,2,2,2
UA65060070000037346,Горностаївська,2,2,2,2,2,2
UA56060170000073171,Гощанська,16,16,16,16,16,5
UA53020050000041411,Градизька,1,1,1,1,1,1
UA18040350000040746,Новогуйвинська,1,1,1,1,1,1
UA61060130000045755,Гусятинська,25,25,25,25,23,22
UA63080050000048455,Дворічанська,6,6,6,6,6,6
UA56040090000093293,Демидівська,2,2,3,3,3,3
UA53080050000011754,Диканська,3,3,2,2,2,2
UA32100030000066252,Димерська,2,2,2,2,2,1
UA46120050000027080,Добротвірська,0,0,1,1,1,1
UA48040090000070960,Доманівська,2,2,2,2,2,2
UA71040070000034468,Драбівська,5,5,6,6,4,4
UA61040290000047781,Микулинецька,14,14,12,11,9,6
UA68020170000033495,Новодунаєвецька,3,3,3,3,3,3
UA63140070000015310,Новопокровська,2,2,2,2,2,1
UA48040130000074078,Єланецька,1,1,1,1,1,1
UA71020110000015834,Єрківська,1,1,1,1,1,1
UA26080050000081474,Заболотівська,1,1,1,1,1,1
UA07060150000038564,Заболоттівська,1,1,1,1,1,0
UA61060150000032895,Заводська,21,21,21,21,21,16
UA56020070000060676,Зарічненська,1,1,1,1,0,0
UA51140050000054980,Затишанська,2,2,2,2,2,2
UA51140070000052649,Захарівська,4,4,4,4,4,4
UA63060010000015783,Зачепилівська,10,10,9,9,9,9
UA32060110000050416,Згурівська,3,3,3,2,2,2
UA63020050000045982,Золочівська,31,31,31,31,31,12
UA01040250000021026,Зуйська,3,3,3,3,3,3
UA07020070000082628,Іваничівська,36,36,36,31,30,27
UA46140010000081849,Івано-Франківська,11,11,10,8,8,5
UA12140110000060935,Іларіонівська,2,2,2,2,2,2
UA48020130000080862,Казанківська,12,12,12,9,5,5
UA71020150000082849,Катеринопільська,1,1,1,1,1,1
UA63060030000041642,Кегичівська,4,4,4,4,4,3
UA73040030000042378,Кельменецька,20,20,18,18,17,5
UA56060290000044465,Клеванська,15,15,15,15,14,6
UA56080090000098391,Клесівська,9,9,8,7,7,5
UA32080190000081428,Макарівська,10,10,9,9,8,7
UA74100190000086457,Козелецька,3,2,0,0,0,0
UA32120070000050717,Козинська,2,2,2,2,2,2
UA61040230000060213,Козівська,22,22,20,19,18,18
UA23100090000029171,Комиш-Зорянська,7,7,7,7,7,7
UA35040190000012514,Компаніївська,10,10,10,7,7,4
UA74060010000052907,Коропська,7,7,8,8,7,7
UA61060270000084790,Коропецька,1,1,1,0,0,0
UA63120210000075842,Пісочинська,14,14,13,13,12,7
UA46040090000012087,Красненська,4,4,4,4,4,2
UA63020090000096294,Краснокутська,6,6,6,6,6,6
UA44100050000027880,Красноріченська,1,1,1,1,1,1
UA05100070000035159,Крижопільська,10,10,10,10,10,9
UA46060230000093092,Куликівська,1,1,1,1,1,1
UA74100210000053397,Куликівська,11,11,11,11,10,10
UA12020190000075117,Петриківська,8,8,8,8,7,5
UA14080050000085820,Іловайська,2,2,2,2,2,2
UA26100050000019570,Кутська,5,5,5,5,4,3
UA74080050000033938,Ладанська,6,6,6,6,5,1
UA68040230000081901,Летичівська,8,8,8,8,7,7
UA59060070000040784,Липоводолинська,2,2,2,2,2,2
UA71020190000034403,Лисянська,4,4,4,4,4,4
UA46120070000071541,Лопатинська,1,1,1,1,0,0
UA73060370000059595,Мамаївська,13,13,11,10,10,10
UA51120130000064324,Любашівська,6,6,6,6,6,5
UA74100230000068041,Любецька,5,5,0,0,0,0
UA07040030000028082,Любешівська,1,1,1,0,0,0
UA65060150000054200,Любимівська,3,3,3,3,3,3
UA07060250000039902,Люблинецька,4,4,4,4,4,4
UA12100050000045992,Магдалинівська,21,21,13,7,6,4
UA63140050000096783,Малинівська,2,2,2,2,2,0
UA14140030000092230,Мангушська,3,3,3,3,2,1
UA07040050000080830,Маневицька,10,10,6,5,5,5
UA71060150000062190,Маньківська,14,14,4,4,4,3
UA44140050000026566,Марківська,8,8,8,8,8,8
UA14040090000061195,Мирненська,9,9,9,9,9,9
UA14020050000019803,Світлодарська,0,0,0,0,0,0
UA44140070000058445,Міловська,2,2,1,1,1,1
UA56040190000045841,Млинівська,4,4,4,3,3,1
UA32080210000074136,Немішаївська,2,2,2,1,1,1
UA73060390000017602,Неполоковецька,1,1,1,1,1,1
UA65040050000029613,Нижньосірогозька,1,1,1,1,1,1
UA01040510000040948,Нижньогірська,1,1,1,1,1,1
UA63120170000093573,Нововодолазька,7,7,7,7,7,6
UA35080030000042560,Новопразька,1,1,1,1,1,1
UA53020130000091122,Новогалещинська,0,0,0,0,0,0
UA18040330000027310,Новоборівська,3,3,3,3,3,3
UA35040230000015609,Новгородківська,7,7,6,6,6,4
UA46060290000052876,Новояричівська,3,3,2,2,2,1
UA18060010000047628,Білокоровицька,1,1,0,0,0,0
UA53080310000072384,Новосанжарська,1,1,1,1,0,0
UA44160030000020916,Новоайдарська,12,12,12,12,12,10
UA35020130000045875,Новоархангельська,6,6,6,5,5,5
UA12020150000050274,Новопокровська,1,1,1,1,1,1
UA44140090000072167,Новопсковська,3,3,3,3,3,2
UA44060050000028333,Молодогвардійська,5,5,5,5,5,5
UA65040070000086673,Новотроїцька,17,17,9,5,5,4
UA01080530000095517,Новофедорівська,7,7,7,7,7,7
UA12020170000068526,Обухівська,1,1,1,1,1,0
UA51120150000080138,Окнянська,2,2,2,2,2,2
UA35040250000048915,Олександрівська,2,2,2,1,1,0
UA48040190000026236,Олександрівська,9,9,9,9,8,3
UA48060230000098265,Ольшанська,25,25,25,24,23,9
UA53040070000083099,Оржицька,1,1,1,1,1,1
UA26080150000032640,Отинійська,4,4,4,4,3,3
UA74080110000023749,Парафіївська,7,7,7,7,7,7
UA48060270000044708,Первомайська,1,1,1,0,0,0
UA35080110000063919,Петрівська,2,2,2,2,2,2
UA12140230000057328,Петропавлівська,1,1,0,0,0,0
UA63140090000052369,Печенізька,6,6,6,6,6,6
UA26080170000041182,Печеніжинська,1,1,1,1,1,1
UA61040350000078247,Підволочиська,5,5,4,4,4,4
UA63120030000035245,Височанська,1,1,1,1,1,1
UA12140250000015858,Покровська,2,2,2,2,2,2
UA74060050000061355,Понорницька,0,0,0,0,0,0
UA18040390000055900,Попільнянська,6,6,5,4,4,3
UA01020370000098913,Поштівська,1,1,1,1,1,1
UA23080230000097340,Приазовська,3,3,3,3,3,3
UA35080150000074379,Приютівська,2,2,1,1,1,1
UA18040430000080827,Пулинська,16,16,8,8,8,7
UA07060310000037369,Ратнівська,11,11,11,11,11,11
UA01140370000056734,Роздольненська,2,2,2,2,2,2
UA12140290000032227,Роздорська,0,0,0,0,0,0
UA56080150000069525,Рокитнівська,4,4,4,3,3,3
UA32020130000010013,Рокитнянська,3,3,3,3,3,0
UA63040150000053402,Савинська,11,11,11,9,6,5
UA51040190000058077,Саратська,3,3,3,3,3,3
UA63060090000041888,Сахновщинська,8,8,8,8,8,8
UA59100110000012703,Свеська,0,0,0,0,0,0
UA53020230000086353,Семенівська,1,1,1,1,1,1
UA46100210000027970,Славська,1,1,0,0,0,0
UA12020250000010438,Слобожанська,14,14,13,13,13,13
UA56040330000091100,Смизька,1,1,1,1,1,1
UA35060230000086264,Смолінська,4,4,4,4,4,0
UA12020270000063450,Солонянська,10,10,9,8,8,7
UA21080110000054940,Солотвинська,3,3,3,3,2,2
UA74020070000037186,Сосницька,12,12,7,7,7,7
UA12060270000017282,Софіївська,7,7,2,2,2,2
UA74080150000033167,Срібнянська,1,1,1,1,1,1
UA32020170000020698,Ставищенська,1,1,1,1,1,0
UA44160050000040019,Станично-Луганська,1,1,1,1,1,1
UA07060410000041366,Старовижівська,9,9,9,9,8,8
UA68040430000052699,Старосинявська,1,1,1,1,1,1
UA59080250000082875,Степанівська,3,3,3,3,3,3
UA23040210000019462,Степногірська,1,1,1,1,1,0
UA05020230000029909,Стрижавська,5,5,3,3,3,2
UA51100290000027993,Таїровська,13,13,12,10,10,7
UA74080190000091939,Талалаївська,1,1,1,1,1,1
UA51060170000068967,Тарутинська,1,1,0,0,0,0
UA68040450000097735,Теофіпольська,3,3,3,3,2,2
UA05020270000044358,Тиврівська,2,2,2,2,2,2
UA12080130000071360,Томаківська,1,1,1,1,1,1
UA05100130000061386,Томашпільська,0,0,0,0,0,0
UA44100130000017965,Троїцька,2,2,2,2,2,2
UA05040250000027965,Тростянецька,3,3,2,2,2,2
UA07060430000041345,Турійська,2,2,2,2,2,2
UA21080190000094580,Усть-Чорнянська,0,0,0,0,0,0
UA18040570000099817,Хорошівська,2,2,2,2,2,2
UA12020310000017431,Царичанська,14,14,13,13,11,7
UA07080290000088287,Цуманська,2,2,1,0,0,0
UA32140170000038368,Чабанівська,7,7,6,6,6,5
UA12140070000025486,Дубовиківська,2,2,2,2,2,2
UA65060290000041992,Чаплинська,35,35,34,33,21,4
UA68020290000026103,Чемеровецька,2,2,2,2,2,2
UA18020170000036711,Червоненська,2,2,1,1,1,1
UA14120230000038918,Черкаська,3,3,3,3,3,3
UA21040250000010914,Чинадіївська,3,3,2,2,2,2
UA63140150000093944,Чкаловська,35,35,35,35,34,33
UA01080770000058252,Чорноморська,6,6,6,6,6,6
UA59100150000074932,Шалигинська,1,1,1,1,1,1
UA07060450000051170,Шацька,11,11,11,11,11,10
UA12060290000039013,Широківська,1,1,1,1,1,1
UA46060450000037997,Щирецька,9,9,9,9,7,7
UA12040010000018960,Божедарівська,1,1,1,1,1,1
UA23080310000097001,Якимівська,6,6,3,3,3,3
UA59100190000010734,Ямпільська,2,2,2,2,2,2
UA68040530000044109,Ярмолинецька,8,8,7,6,5,3
UA48060030000055210,Веснянська,6,6,6,6,6,0
UA71040010000032874,Великохутірська,1,1,1,1,1,1
UA68020030000032574,Гуменецька,9,9,9,9,9,6
UA23060330000027462,Широківська,5,5,2,2,2,0
UA71080410000061690,Степанецька,1,1,1,1,1,1
UA53080150000085889,Коломацька,1,1,1,1,1,1
UA63080030000019649,Вільхуватська,1,1,1,1,1,1
UA71080450000083423,Тернівська,12,12,12,12,12,0
UA65100190000073217,Ювілейна,5,5,5,5,5,5
UA48060090000097375,Коблівська,9,9,9,9,9,8
UA05020010000053508,Агрономічна,8,8,5,5,4,4
UA56060010000018261,Бабинська,4,4,4,4,3,1
UA61040010000042862,Байковецька,2,2,2,2,2,2
UA23040150000063069,Малобілозерська,9,9,8,8,8,7
UA32140010000049369,Бишівська,3,3,3,3,3,2
UA46040130000035029,Поморянська,1,1,1,1,1,0
UA56060050000010769,Білокриницька,9,9,9,9,9,7
UA01160170000019851,Мирнівська,1,1,1,1,1,1
UA32080010000060215,Білогородська,28,28,26,26,23,19
UA61060030000070527,Більче-Золотецька,1,1,1,1,1,1
UA63080070000080622,Кіндрашівська,1,1,1,1,1,1
UA53080330000062155,Новоселівська,2,2,2,2,2,2
UA56040270000014394,Привільненська,2,2,2,2,2,2
UA51040310000071545,Шабівська,6,6,6,6,6,4
UA32080130000056481,Дмитрівська,2,2,2,2,2,2
UA46060210000047788,Комарнівська,1,1,1,1,1,1
UA56060110000087064,Великоомелянська,2,2,2,1,1,0
UA32140090000085800,Калинівська,4,4,3,3,3,3
UA51100050000066202,Великодальницька,1,1,1,1,1,0
UA56060510000062151,Шпанівська,0,0,0,0,0,0
UA61040050000096355,Білецька,2,2,1,1,1,1
UA61040110000010646,Великогаївська,2,2,2,0,0,0
UA65100030000028786,Великокопанівська,1,1,1,1,1,1
UA53060050000024229,Великобудищанська,1,1,1,1,1,1
UA07060130000030797,Дубівська,1,1,1,1,1,1
UA53080190000081150,Ланнівська,4,4,4,4,4,4
UA01020090000085519,Верхоріченська,1,1,1,1,1,1
UA51120110000047677,Куяльницька,1,1,1,1,1,0
UA51100090000094901,Вигодянська,2,2,2,2,2,2
UA46080010000010628,Бісковицька,1,1,1,1,1,1
UA32040090000083028,Золочівська,8,8,6,2,2,2
UA32100090000060111,Пірнівська,1,1,1,1,1,0
UA01020110000025392,Вілінська,1,1,1,1,1,1
UA63120050000019867,Вільхівська,14,14,14,14,14,13
UA01080450000078177,Молочненська,1,1,1,1,1,1
UA32140050000046018,Гатненська,10,10,10,10,6,4
UA71080350000033809,Руськополянська,3,3,3,3,2,2
UA07080030000051738,Боратинська,3,3,3,2,2,1
UA73060050000034325,Великокучурівська,2,2,2,2,1,1
UA32040050000077950,Гірська,2,2,2,1,1,1
UA32080110000056605,Гостомельська,3,3,3,3,3,2
UA21120050000055437,Горінчівська,1,1,1,1,1,1
UA46060090000017373,Давидівська,4,4,2,1,1,0
UA05100050000038768,Городківська,1,1,2,2,2,2
UA68040490000093353,Чорноострівська,2,2,1,1,1,1
UA18060230000071114,Ушомирська,0,0,1,1,1,1
UA05020050000066991,Вороновицька,1,1,1,1,1,1
UA65100070000064512,Дар’ївська,1,1,2,2,2,2
UA51100150000090671,Дачненська,0,0,1,1,1,1
UA05060030000026125,Джуринська,1,1,1,1,1,1
UA35040090000082553,Дмитрівська,3,3,3,3,3,3
UA61040250000021345,Козлівська,1,1,1,1,1,1
UA46060110000011684,Добросинсько-Магерівська,0,0,0,0,0,0
UA61040390000066619,Підгороднянська,1,1,1,1,1,1
UA18040370000055940,Оліївська,3,3,2,1,1,0
UA61060370000081851,Товстенська,1,1,1,1,1,0
UA05120010000076685,Глуховецька,0,0,0,0,0,0
UA01040150000027533,Жемчужинська,1,1,1,1,1,1
UA26060190000099075,Новицька,1,1,1,1,1,0
UA32060090000096236,Зазимська,1,1,1,1,0,0
UA65080010000062554,Бехтерська,5,5,5,5,5,5
UA01160270000031825,Перовська,6,6,6,6,6,6
UA51140110000053825,Новоборисівська,1,1,1,1,1,1
UA05020310000080026,Якушинецька,3,3,2,2,1,1
UA18040490000014752,Станишівська,3,3,3,1,1,0
UA73040110000040354,Недобоївська,1,1,1,1,1,1
UA07060090000026043,Головненська,2,2,1,1,1,1
UA46060170000014754,Зимноводівська,9,9,8,8,5,5
UA56060270000047362,Зорянська,24,24,24,23,22,0
UA46060430000091455,Солонківська,11,11,9,9,9,8
UA32120170000094084,Феодосіївська,5,5,5,3,1,1
UA35040290000046019,Соколівська,6,6,5,5,4,4
UA18060170000069581,Овруцька,3,3,2,2,2,0
UA51100190000060999,Красносільська,4,4,4,3,3,3
UA21080070000025254,Дубівська,1,1,1,1,1,0
UA63040130000098894,Оскільська,5,5,5,5,5,5
UA74100130000039404,Киїнська,2,2,2,2,2,2
UA65100170000014054,Чорнобаївська,6,6,6,6,6,5
UA56060330000075139,Корнинська,3,3,3,3,3,3
UA71040210000024694,Шрамківська,5,5,5,5,5,5
UA53080430000085474,Терешківська,3,3,3,3,2,2
UA21100250000028639,Холмківська,3,3,3,3,3,1
UA01120250000088892,Котельниківська,1,1,1,1,1,1
UA53080250000097618,Машівська,1,1,1,1,0,0
UA53060010000060316,Білоцерківська,1,1,0,0,0,0
UA74040170000037628,Крутівська,1,1,1,1,1,1
UA59020130000060377,Попівська,1,1,1,1,1,1
UA46060050000016451,Глинянська,8,8,8,8,8,5
UA51040210000057879,Сергіївська,1,1,1,1,1,1
UA74100110000030364,Іванівська,1,1,1,1,1,1
UA68020070000084437,Жванецька,3,3,3,3,3,3
UA71080190000038712,Леськівська,1,1,1,1,1,1
UA07080230000046097,Підгайцівська,26,25,21,14,10,6
UA63120090000046130,Липецька,28,28,28,27,22,16
UA01160290000071845,Пожарська,1,1,1,1,1,1
UA01080350000063181,Ліснівська,4,4,4,4,4,4
UA48020050000023194,Вільнозапорізька,2,2,2,1,1,1
UA01180310000020688,Льговська,1,1,1,1,1,1
UA73060350000057190,Магальська,1,1,1,0,0,0
UA56060210000017052,Дядьковицька,0,0,0,0,0,0
UA71080430000025181,Степанківська,1,1,1,1,1,1
UA56060370000023028,Малинська,4,4,4,4,4,4
UA74080170000055617,Сухополов’янська,1,1,1,1,1,1
UA14100090000050286,Старобешівська,3,3,3,3,3,3
UA26040130000010870,Дубовецька,1,1,1,1,1,1
UA48040210000049987,Прибужанівська,21,21,21,21,21,20
UA56040170000050651,Мирогощанська,1,1,1,1,1,1
UA01080430000040534,Міжводненська,3,3,3,3,3,3
UA48060170000025778,Мішково-Погорілівська,1,1,1,1,1,1
UA51100070000063635,Великодолинська,4,4,2,1,1,0
UA63140130000029212,Старосалтівська,0,0,0,0,0,0
UA65100090000097337,Музиківська,2,2,2,2,2,2
UA51100230000045500,Нерубайська,4,4,4,4,3,1
UA74040330000024949,Талалаївська,3,3,3,3,3,3
UA56060430000081857,Олександрійська,1,1,1,1,1,0
UA74100170000043593,Кіптівська,1,1,0,0,0,0
UA32100070000076283,Петрівська,4,4,4,4,3,1
UA14100050000098906,Кальміуська,3,3,3,3,3,3
UA63080110000021737,Курилівська,1,1,1,1,1,1
UA01080510000081703,Новосільська,2,2,2,2,2,2
UA35060110000056063,Мар’янівська,1,1,1,0,0,0
UA21100110000018765,Оноківська,1,1,1,1,1,1
UA01080590000030182,Оріхівська,10,10,10,10,10,10
UA12100110000043499,Піщанська,2,2,2,2,2,2
UA21040210000079273,Полянська,2,2,2,2,2,2
UA53020090000045206,Козельщинська,1,1,1,1,1,1
UA68040330000086970,Розсошанська,2,2,2,2,2,1
UA14020030000023064,Званівська,1,1,1,1,1,1
UA26060230000053464,Рожнятівська,2,2,2,2,2,2
UA32080050000052660,Борщагівська,46,46,38,30,30,29
UA46060350000036006,Підберізцівська,2,2,0,0,0,0
UA35040050000013889,Великосеверинівська,9,9,9,9,9,1
UA73040090000036527,Мамалигівська,0,0,0,0,0,0
UA01120570000080989,Полтавська,2,2,2,2,2,2
UA46140090000079730,Шегинівська,1,1,1,1,1,1
UA48040230000012964,Прибузька,1,1,0,0,0,0
UA18040050000049937,Брусилівська,1,1,1,1,1,1
UA32040130000049927,Пристолична,23,22,22,21,19,16
UA46080090000029798,Ралівська,2,2,2,2,2,2
UA53080470000053547,Щербанівська,9,9,9,8,8,7
UA51100130000021533,Дальницька,1,1,1,1,1,1
UA21040010000055885,Великолучківська,1,1,1,1,1,1
UA59080230000084731,Садівська,12,12,12,11,11,3
UA21040170000092506,Неліпинська,1,1,1,1,1,1
UA01080670000081722,Сизівська,1,1,1,1,1,1
UA46060410000052681,Сокільницька,9,9,6,5,2,1
UA35040270000084621,Первозванівська,2,2,2,2,2,2
UA63060110000043554,Старовірівська,1,1,1,1,1,1
UA05020290000092626,Турбівська,1,1,1,1,1,1
UA26080010000036750,Гвіздецька,1,1,1,0,0,0
UA26040310000066064,Старобогородчанська,1,1,1,1,1,1
UA51040230000018414,Старокозацька,1,1,1,1,1,1
UA59080150000013842,Миколаївська,0,0,0,0,0,0
UA23060270000087706,Степненська,1,1,1,1,1,1
UA01160370000090328,Трудівська,2,2,2,2,2,2
UA65060230000076026,Тавричанська,1,1,1,1,1,1
UA23080110000020314,Новенська,2,2,2,2,2,2
UA14120190000021407,Святогірська,1,1,1,1,1,1
UA35040310000035890,Суботцівська,2,2,2,2,2,1
UA32020250000099079,Фурсівська,2,2,2,1,1,1
UA01020470000045027,Углівська,5,5,5,5,5,5
UA26040370000057019,Угринівська,3,3,1,1,1,1
UA65080070000011930,Каланчацька,2,2,2,2,2,2
UA68060290000039941,Судилківська,1,1,1,1,1,1
UA48060370000016130,Шевченківська,0,0,1,1,1,1
UA32040190000043384,Циблівська,0,0,0,0,0,0
UA73060590000095243,Чагорська,2,2,1,0,0,0
UA71080470000038153,Червонослобідська,3,3,3,3,3,3
UA48020230000095751,Широківська,1,1,1,1,1,1
UA63120130000010762,Малоданилівська,2,2,2,2,1,1
UA14140090000015932,Сартанська,2,2,2,2,2,2
UA18080210000038722,Чижівська,2,2,1,1,1,1
UA01160430000017281,Чистенська,1,1,1,1,1,1
UA21120030000076462,Вишківська,1,1,1,1,1,1
UA71020310000027379,Шевченківська,1,1,1,1,1,1
UA74040090000047246,Вертіївська,6,6,5,5,5,5
UA53060330000036503,Шишацька,0,0,0,0,0,0
UA26060210000091421,Перегінська,0,0,0,0,0,0
UA23060190000080843,Новомиколаївська,20,20,20,20,20,20
UA14120170000011133,Олександрівська,1,1,1,1,1,1
UA63080130000077600,Петропавлівська,1,1,1,1,1,1
UA18080050000083590,Брониківська,1,1,0,0,0,0
UA35040150000097644,Катеринівська,11,11,11,11,11,7
UA23100050000041545,Воскресенська,4,4,4,4,4,3
UA56060090000066065,Великомежиріцька,7,7,7,7,7,7
UA46100030000016064,Грабовецько-Дулібівська,2,2,1,1,0,0
UA01160090000041883,Журавлівська,1,1,1,1,1,1
UA01060110000056995,Зарічненська,3,3,3,3,3,3
UA14140010000044623,Кальчицька,9,9,7,7,7,7
UA05120050000063063,Іванівська,0,0,0,0,0,0
UA51080090000065506,Саф’янівська,0,0,0,0,0,0
UA44140150000072734,Шульгинська,1,1,1,1,1,1
UA32020090000022264,Маловільшанська,1,1,1,1,0,0
UA35080010000032386,Великоандрусівська,1,1,1,1,1,1
UA65060130000026961,Костянтинівська,1,1,1,1,1,1
UA65060210000049771,Рубанівська,1,1,1,1,1,1
UA56060390000090915,Малолюбашанська,2,2,2,2,2,1
UA46060270000027170,Мурованська,1,1,1,1,1,0
UA65080130000090391,Новомиколаївська,1,1,1,1,1,1
UA05060090000058521,Мурафська,1,1,1,1,1,1
UA26040170000097347,Загвіздянська,1,1,1,0,0,0
UA01020350000012924,Плодівська,1,1,1,1,1,1
UA53020210000023587,Пришибська,1,1,1,1,1,0
UA01120610000042252,Рівнівська,1,1,1,1,1,1
UA01120690000073011,Сусанінська,1,1,1,1,1,1
UA18060150000038188,Народицька,0,0,1,1,1,1
UA68040250000053378,Лісовогринівецька,1,1,1,1,1,0
UA26060250000064599,Спаська,1,1,1,1,1,1
UA32140110000089620,Кожанська,8,8,7,7,7,3
UA23100010000094236,Більмацька,1,1,1,1,1,1
UA01080730000098259,Уютненська,11,11,11,11,11,11
UA01160250000058686,Первомайська,1,1,1,1,1,1
UA32060070000092009,Великодимерська,2,2,2,1,1,1
UA32140130000030648,Томашівська,1,1,1,1,1,1
UA74080210000098421,Яблунівська,1,1,1,1,1,1
